#
# There is insufficient memory for the Java Runtime Environment to continue.
# Native memory allocation (malloc) failed to allocate 2219552 bytes. Error detail: Chunk::new
# Possible reasons:
#   The system is out of physical RAM or swap space
#   This process is running with CompressedOops enabled, and the Java Heap may be blocking the growth of the native heap
# Possible solutions:
#   Reduce memory load on the system
#   Increase physical memory or swap space
#   Check if swap backing store is full
#   Decrease Java heap size (-Xmx/-Xms)
#   Decrease number of Java threads
#   Decrease Java thread stack sizes (-Xss)
#   Set larger code cache with -XX:ReservedCodeCacheSize=
#   JVM is running with Unscaled Compressed Oops mode in which the Java heap is
#     placed in the first 4GB address space. The Java Heap base address is the
#     maximum limit for the native heap growth. Please use -XX:HeapBaseMinAddress
#     to set the Java Heap base and to place the Java Heap above 4GB virtual address.
# This output file may be truncated or incomplete.
#
#  Out of Memory Error (arena.cpp:168), pid=12008, tid=32624
#
# JRE version: OpenJDK Runtime Environment (21.0.9) (build 21.0.9+-14649483-b1163.86)
# Java VM: OpenJDK 64-Bit Server VM (21.0.9+-14649483-b1163.86, mixed mode, tiered, compressed oops, compressed class ptrs, g1 gc, windows-amd64)
# No core dump will be written. Minidumps are not enabled by default on client versions of Windows
#

---------------  S U M M A R Y ------------

Command Line: --add-opens=java.base/java.lang=ALL-UNNAMED --add-opens=java.base/java.lang.invoke=ALL-UNNAMED --add-opens=java.base/java.util=ALL-UNNAMED --add-opens=java.prefs/java.util.prefs=ALL-UNNAMED --add-exports=jdk.compiler/com.sun.tools.javac.api=ALL-UNNAMED --add-exports=jdk.compiler/com.sun.tools.javac.util=ALL-UNNAMED --add-opens=java.base/java.util=ALL-UNNAMED --add-opens=java.prefs/java.util.prefs=ALL-UNNAMED --add-opens=java.base/java.nio.charset=ALL-UNNAMED --add-opens=java.base/java.net=ALL-UNNAMED --add-opens=java.base/java.util.concurrent=ALL-UNNAMED --add-opens=java.base/java.util.concurrent.atomic=ALL-UNNAMED --add-opens=java.xml/javax.xml.namespace=ALL-UNNAMED --add-opens=java.base/java.time=ALL-UNNAMED -Xmx2048m -Dfile.encoding=UTF-8 -Duser.country=US -Duser.language=en -Duser.variant -javaagent:C:\Users\incdm\.gradle\wrapper\dists\gradle-9.2.1-bin\2t0n5ozlw9xmuyvbp7dnzaxug\gradle-9.2.1\lib\agents\gradle-instrumentation-agent-9.2.1.jar org.gradle.launcher.daemon.bootstrap.GradleDaemon 9.2.1

Host: AMD Ryzen 5 3550H with Radeon Vega Mobile Gfx  , 8 cores, 15G,  Windows 11 , 64 bit Build 26100 (10.0.26100.7920)
Time: Sun Mar  1 11:58:45 2026 SE Asia Standard Time elapsed time: 50.187648 seconds (0d 0h 0m 50s)

---------------  T H R E A D  ---------------

Current thread (0x000001a9f05c7370):  JavaThread "C2 CompilerThread0" daemon [_thread_in_native, id=32624, stack(0x00000014b7900000,0x00000014b7a00000) (1024K)]


Current CompileTask:
C2:50187 19329       4       org.objectweb.asm.ClassReader::readCode (5117 bytes)

Stack: [0x00000014b7900000,0x00000014b7a00000]
Native frames: (J=compiled Java code, j=interpreted, Vv=VM code, C=native code)
V  [jvm.dll+0x6d6c99]
V  [jvm.dll+0x866b83]
V  [jvm.dll+0x86919e]
V  [jvm.dll+0x869883]
V  [jvm.dll+0x280776]
V  [jvm.dll+0xc07cd]
V  [jvm.dll+0xc0d03]
V  [jvm.dll+0x3b986b]
V  [jvm.dll+0x1dfac4]
V  [jvm.dll+0x2495b4]
V  [jvm.dll+0x248a31]
V  [jvm.dll+0x1c7344]
V  [jvm.dll+0x2581ae]
V  [jvm.dll+0x2566f6]
V  [jvm.dll+0x3f48a6]
V  [jvm.dll+0x80f118]
V  [jvm.dll+0x6d54ed]
C  [ucrtbase.dll+0x37b0]
C  [KERNEL32.DLL+0x2e8d7]
C  [ntdll.dll+0x8c48c]


---------------  P R O C E S S  ---------------

Threads class SMR info:
_java_thread_list=0x000001a9f8396510, length=156, elements={
0x000001a9d6f7dc40, 0x000001a9f057dfd0, 0x000001a9f057f0b0, 0x000001a9f057fb10,
0x000001a9f05b4d10, 0x000001a9f05b5770, 0x000001a9f05b61d0, 0x000001a9f05aa9a0,
0x000001a9f05c7370, 0x000001a9f05ac140, 0x000001a9f5023d10, 0x000001a9f62a8290,
0x000001a9f5ea3640, 0x000001a9f6c93eb0, 0x000001a9f749bf70, 0x000001a9f7294080,
0x000001a9f7214490, 0x000001a9f7230b40, 0x000001a9f73dfb60, 0x000001a9f73e01f0,
0x000001a9f73e0f10, 0x000001a9f73e15a0, 0x000001a9f73e22c0, 0x000001a9f73e0880,
0x000001a9f51a4480, 0x000001a9f51a5830, 0x000001a9f51a3df0, 0x000001a9f51a3760,
0x000001a9f51a51a0, 0x000001a9f51a5ec0, 0x000001a9f51a6550, 0x000001a9f51a30d0,
0x000001a9f51a8cb0, 0x000001a9f51a7270, 0x000001a9f51a7900, 0x000001a9f51aa060,
0x000001a9f51aa6f0, 0x000001a9f51a9340, 0x000001a9f937b940, 0x000001a9f937ccf0,
0x000001a9f937da10, 0x000001a9f937bfd0, 0x000001a9f937e0a0, 0x000001a9f937c660,
0x000001a9f937d380, 0x000001a9f937ac20, 0x000001a9f937e730, 0x000001a9f937b2b0,
0x000001a9f937fae0, 0x000001a9f937f450, 0x000001a9f9380800, 0x000001a9f9380e90,
0x000001a9f9381bb0, 0x000001a9f9382240, 0x000001a9f937edc0, 0x000001a9f9381520,
0x000001a9f9380170, 0x000001a9fb3787b0, 0x000001a9fb379b60, 0x000001a9fb37b5a0,
0x000001a9fb37a1f0, 0x000001a9fb37a880, 0x000001a9fb378120, 0x000001a9fb3794d0,
0x000001a9fb37af10, 0x000001a9fb37ea20, 0x000001a9fb37f0b0, 0x000001a9fb37bc30,
0x000001a9fb37c950, 0x000001a9fb37f740, 0x000001a9fb37d670, 0x000001a9f7aa1360,
0x000001a9f7aa0640, 0x000001a9f7aa19f0, 0x000001a9f7a9ec00, 0x000001a9f7a9f290,
0x000001a9f7aa2710, 0x000001a9f7aa2080, 0x000001a9f7aa2da0, 0x000001a9f7a9f920,
0x000001a9f7aa3430, 0x000001a9f7a9ffb0, 0x000001a9f7aa3ac0, 0x000001a9f7aa0cd0,
0x000001a9f7aa4150, 0x000001a9f8fa53f0, 0x000001a9f8fa39b0, 0x000001a9f8fa5a80,
0x000001a9fa312370, 0x000001a9fa310930, 0x000001a9fa311650, 0x000001a9f7aa5b90,
0x000001a9fb9acff0, 0x000001a9fb9af0c0, 0x000001a9fb9ad680, 0x000001a9fb9b0470,
0x000001a9fb9ae3a0, 0x000001a9fb9add10, 0x000001a9fb9af750, 0x000001a9fb9b1190,
0x000001a9fb9afde0, 0x000001a9fb9b0b00, 0x000001a9fb9b1820, 0x000001a9fb9b1eb0,
0x000001a9fb9aea30, 0x000001a9fb9b3260, 0x000001a9fb9b2bd0, 0x000001a9fb9b38f0,
0x000001a9fb9b2540, 0x000001a9fb9b3f80, 0x000001a9fb9b4610, 0x000001a9f79ff450,
0x000001a9f79fedc0, 0x000001a9fb99f0a0, 0x000001a9fb9a0ae0, 0x000001a9fb99e380,
0x000001a9fcd4fa60, 0x000001a9fcd4f3d0, 0x000001a9fcd4e6b0, 0x000001a9fcb3b600,
0x000001a9f9756ba0, 0x000001a9f9757230, 0x000001a9f97578c0, 0x000001a9f9757f50,
0x000001a9f5349eb0, 0x000001a9f534a540, 0x000001a9f5349190, 0x000001a9f526c5c0,
0x000001a9f526b8a0, 0x000001a9f526cc50, 0x000001a9f526bf30, 0x000001a9fca06740,
0x000001a9fca060b0, 0x000001a9fca06dd0, 0x000001a9fcb3bc90, 0x000001a9fca07460,
0x000001a9f90cee90, 0x000001a9fcb0ff80, 0x000001a9fcb10610, 0x000001a9fcb3af70,
0x000001a9fcb3d040, 0x000001a9f9516630, 0x000001a9fbb86360, 0x000001a9fc0b0e30,
0x000001a9fcb0f260, 0x000001a9fcb11330, 0x000001a9f9518700, 0x000001a9fba65920,
0x000001a9fba66cd0, 0x000001a9fcb3d6d0, 0x000001a9f9515280, 0x000001a9fba679f0,
0x000001a9fcb3c320, 0x000001a9fb99d660, 0x000001a9fc5e7d60, 0x000001a9fc5e6fc0
}

Java Threads: ( => current thread )
  0x000001a9d6f7dc40 JavaThread "main"                              [_thread_blocked, id=33784, stack(0x00000014b6a00000,0x00000014b6b00000) (1024K)]
  0x000001a9f057dfd0 JavaThread "Common-Cleaner"             daemon [_thread_blocked, id=16808, stack(0x00000014b7200000,0x00000014b7300000) (1024K)]
  0x000001a9f057f0b0 JavaThread "Reference Handler"          daemon [_thread_blocked, id=13124, stack(0x00000014b7300000,0x00000014b7400000) (1024K)]
  0x000001a9f057fb10 JavaThread "Finalizer"                  daemon [_thread_blocked, id=19668, stack(0x00000014b7400000,0x00000014b7500000) (1024K)]
  0x000001a9f05b4d10 JavaThread "Signal Dispatcher"          daemon [_thread_blocked, id=19240, stack(0x00000014b7500000,0x00000014b7600000) (1024K)]
  0x000001a9f05b5770 JavaThread "Attach Listener"            daemon [_thread_blocked, id=19532, stack(0x00000014b7600000,0x00000014b7700000) (1024K)]
  0x000001a9f05b61d0 JavaThread "Service Thread"             daemon [_thread_blocked, id=20956, stack(0x00000014b7700000,0x00000014b7800000) (1024K)]
  0x000001a9f05aa9a0 JavaThread "Monitor Deflation Thread"   daemon [_thread_blocked, id=15652, stack(0x00000014b7800000,0x00000014b7900000) (1024K)]
=>0x000001a9f05c7370 JavaThread "C2 CompilerThread0"         daemon [_thread_in_native, id=32624, stack(0x00000014b7900000,0x00000014b7a00000) (1024K)]
  0x000001a9f05ac140 JavaThread "C1 CompilerThread0"         daemon [_thread_blocked, id=33496, stack(0x00000014b7a00000,0x00000014b7b00000) (1024K)]
  0x000001a9f5023d10 JavaThread "Notification Thread"        daemon [_thread_blocked, id=18200, stack(0x00000014b7b00000,0x00000014b7c00000) (1024K)]
  0x000001a9f62a8290 JavaThread "Daemon health stats"               [_thread_blocked, id=17068, stack(0x00000014b8100000,0x00000014b8200000) (1024K)]
  0x000001a9f5ea3640 JavaThread "Incoming local TCP Connector on port 61276"        [_thread_in_native, id=23672, stack(0x00000014b8200000,0x00000014b8300000) (1024K)]
  0x000001a9f6c93eb0 JavaThread "Daemon periodic checks"            [_thread_blocked, id=24764, stack(0x00000014b8300000,0x00000014b8400000) (1024K)]
  0x000001a9f749bf70 JavaThread "Daemon"                            [_thread_blocked, id=10688, stack(0x00000014b8400000,0x00000014b8500000) (1024K)]
  0x000001a9f7294080 JavaThread "Handler for socket connection from /127.0.0.1:61276 to /127.0.0.1:61277"        [_thread_in_native, id=3084, stack(0x00000014b8500000,0x00000014b8600000) (1024K)]
  0x000001a9f7214490 JavaThread "Cancel handler"                    [_thread_blocked, id=24008, stack(0x00000014b8600000,0x00000014b8700000) (1024K)]
  0x000001a9f7230b40 JavaThread "Daemon worker"                     [_thread_blocked, id=6468, stack(0x00000014b8700000,0x00000014b8800000) (1024K)]
  0x000001a9f73dfb60 JavaThread "Asynchronous log dispatcher for DefaultDaemonConnection: socket connection from /127.0.0.1:61276 to /127.0.0.1:61277"        [_thread_blocked, id=13068, stack(0x00000014b8c00000,0x00000014b8d00000) (1024K)]
  0x000001a9f73e01f0 JavaThread "Stdin handler"                     [_thread_blocked, id=23956, stack(0x00000014b8d00000,0x00000014b8e00000) (1024K)]
  0x000001a9f73e0f10 JavaThread "Daemon client event forwarder"        [_thread_blocked, id=21188, stack(0x00000014b8e00000,0x00000014b8f00000) (1024K)]
  0x000001a9f73e15a0 JavaThread "Cache worker for journal cache (C:\Users\incdm\.gradle\caches\journal-1)"        [_thread_blocked, id=25492, stack(0x00000014b8f00000,0x00000014b9000000) (1024K)]
  0x000001a9f73e22c0 JavaThread "File lock request listener"        [_thread_in_native, id=18396, stack(0x00000014b9000000,0x00000014b9100000) (1024K)]
  0x000001a9f73e0880 JavaThread "Cache worker for file hash cache (C:\Users\incdm\.gradle\caches\9.2.1\fileHashes)"        [_thread_blocked, id=24972, stack(0x00000014b9100000,0x00000014b9200000) (1024K)]
  0x000001a9f51a4480 JavaThread "Cache worker for file hash cache (E:\Code\Android\dicoding-android-fundamental\MyBroadcastReceiver\.gradle\9.2.1\fileHashes)"        [_thread_in_native, id=31276, stack(0x00000014b9300000,0x00000014b9400000) (1024K)]
  0x000001a9f51a5830 JavaThread "Cache worker for Build Output Cleanup Cache (E:\Code\Android\dicoding-android-fundamental\MyBroadcastReceiver\.gradle\buildOutputCleanup)"        [_thread_blocked, id=15292, stack(0x00000014b9400000,0x00000014b9500000) (1024K)]
  0x000001a9f51a3df0 JavaThread "File watcher server"        daemon [_thread_in_native, id=24332, stack(0x00000014b9500000,0x00000014b9600000) (1024K)]
  0x000001a9f51a3760 JavaThread "File watcher consumer"      daemon [_thread_blocked, id=25820, stack(0x00000014b9600000,0x00000014b9700000) (1024K)]
  0x000001a9f51a51a0 JavaThread "Cache worker for checksums cache (E:\Code\Android\dicoding-android-fundamental\MyBroadcastReceiver\.gradle\9.2.1\checksums)"        [_thread_blocked, id=6980, stack(0x00000014b9200000,0x00000014b9300000) (1024K)]
  0x000001a9f51a5ec0 JavaThread "Cache worker for file content cache (C:\Users\incdm\.gradle\caches\9.2.1\fileContent)"        [_thread_blocked, id=20884, stack(0x00000014b9700000,0x00000014b9800000) (1024K)]
  0x000001a9f51a6550 JavaThread "Cache worker for cache directory md-supplier (C:\Users\incdm\.gradle\caches\9.2.1\md-supplier)"        [_thread_blocked, id=15692, stack(0x00000014b9800000,0x00000014b9900000) (1024K)]
  0x000001a9f51a30d0 JavaThread "Cache worker for cache directory md-rule (C:\Users\incdm\.gradle\caches\9.2.1\md-rule)"        [_thread_blocked, id=28340, stack(0x00000014b9900000,0x00000014b9a00000) (1024K)]
  0x000001a9f51a8cb0 JavaThread "jar transforms"                    [_thread_blocked, id=9636, stack(0x00000014b9a00000,0x00000014b9b00000) (1024K)]
  0x000001a9f51a7270 JavaThread "jar transforms Thread 2"           [_thread_blocked, id=18216, stack(0x00000014b9b00000,0x00000014b9c00000) (1024K)]
  0x000001a9f51a7900 JavaThread "jar transforms Thread 3"           [_thread_blocked, id=27840, stack(0x00000014b9d00000,0x00000014b9e00000) (1024K)]
  0x000001a9f51aa060 JavaThread "Unconstrained build operations"        [_thread_blocked, id=9712, stack(0x00000014b9c00000,0x00000014b9d00000) (1024K)]
  0x000001a9f51aa6f0 JavaThread "Unconstrained build operations Thread 2"        [_thread_blocked, id=26492, stack(0x00000014b7c00000,0x00000014b7d00000) (1024K)]
  0x000001a9f51a9340 JavaThread "Unconstrained build operations Thread 3"        [_thread_blocked, id=8936, stack(0x00000014b9e00000,0x00000014b9f00000) (1024K)]
  0x000001a9f937b940 JavaThread "Unconstrained build operations Thread 4"        [_thread_blocked, id=14756, stack(0x00000014b9f00000,0x00000014ba000000) (1024K)]
  0x000001a9f937ccf0 JavaThread "Unconstrained build operations Thread 5"        [_thread_blocked, id=4252, stack(0x00000014ba000000,0x00000014ba100000) (1024K)]
  0x000001a9f937da10 JavaThread "Unconstrained build operations Thread 6"        [_thread_blocked, id=31608, stack(0x00000014ba100000,0x00000014ba200000) (1024K)]
  0x000001a9f937bfd0 JavaThread "Unconstrained build operations Thread 7"        [_thread_blocked, id=5040, stack(0x00000014ba200000,0x00000014ba300000) (1024K)]
  0x000001a9f937e0a0 JavaThread "Unconstrained build operations Thread 8"        [_thread_blocked, id=17564, stack(0x00000014ba400000,0x00000014ba500000) (1024K)]
  0x000001a9f937c660 JavaThread "Unconstrained build operations Thread 9"        [_thread_blocked, id=12788, stack(0x00000014ba500000,0x00000014ba600000) (1024K)]
  0x000001a9f937d380 JavaThread "Unconstrained build operations Thread 10"        [_thread_blocked, id=27156, stack(0x00000014ba600000,0x00000014ba700000) (1024K)]
  0x000001a9f937ac20 JavaThread "Unconstrained build operations Thread 11"        [_thread_blocked, id=22004, stack(0x00000014ba700000,0x00000014ba800000) (1024K)]
  0x000001a9f937e730 JavaThread "Unconstrained build operations Thread 12"        [_thread_blocked, id=27136, stack(0x00000014ba800000,0x00000014ba900000) (1024K)]
  0x000001a9f937b2b0 JavaThread "Unconstrained build operations Thread 13"        [_thread_blocked, id=26664, stack(0x00000014ba900000,0x00000014baa00000) (1024K)]
  0x000001a9f937fae0 JavaThread "Unconstrained build operations Thread 14"        [_thread_blocked, id=26120, stack(0x00000014baa00000,0x00000014bab00000) (1024K)]
  0x000001a9f937f450 JavaThread "jar transforms Thread 4"           [_thread_blocked, id=30660, stack(0x00000014bac00000,0x00000014bad00000) (1024K)]
  0x000001a9f9380800 JavaThread "jar transforms Thread 5"           [_thread_blocked, id=31644, stack(0x00000014bad00000,0x00000014bae00000) (1024K)]
  0x000001a9f9380e90 JavaThread "Unconstrained build operations Thread 15"        [_thread_blocked, id=27684, stack(0x00000014bae00000,0x00000014baf00000) (1024K)]
  0x000001a9f9381bb0 JavaThread "Unconstrained build operations Thread 16"        [_thread_blocked, id=29888, stack(0x00000014baf00000,0x00000014bb000000) (1024K)]
  0x000001a9f9382240 JavaThread "Unconstrained build operations Thread 17"        [_thread_blocked, id=32276, stack(0x00000014bb000000,0x00000014bb100000) (1024K)]
  0x000001a9f937edc0 JavaThread "Unconstrained build operations Thread 18"        [_thread_blocked, id=23264, stack(0x00000014bb100000,0x00000014bb200000) (1024K)]
  0x000001a9f9381520 JavaThread "Unconstrained build operations Thread 19"        [_thread_blocked, id=5516, stack(0x00000014bb200000,0x00000014bb300000) (1024K)]
  0x000001a9f9380170 JavaThread "Unconstrained build operations Thread 20"        [_thread_blocked, id=9576, stack(0x00000014bb300000,0x00000014bb400000) (1024K)]
  0x000001a9fb3787b0 JavaThread "Unconstrained build operations Thread 21"        [_thread_blocked, id=33024, stack(0x00000014bb400000,0x00000014bb500000) (1024K)]
  0x000001a9fb379b60 JavaThread "jar transforms Thread 6"           [_thread_blocked, id=33560, stack(0x00000014bb500000,0x00000014bb600000) (1024K)]
  0x000001a9fb37b5a0 JavaThread "jar transforms Thread 7"           [_thread_blocked, id=12040, stack(0x00000014bb600000,0x00000014bb700000) (1024K)]
  0x000001a9fb37a1f0 JavaThread "jar transforms Thread 8"           [_thread_blocked, id=22448, stack(0x00000014bb700000,0x00000014bb800000) (1024K)]
  0x000001a9fb37a880 JavaThread "Unconstrained build operations Thread 22"        [_thread_blocked, id=27632, stack(0x00000014bb800000,0x00000014bb900000) (1024K)]
  0x000001a9fb378120 JavaThread "Unconstrained build operations Thread 23"        [_thread_blocked, id=27616, stack(0x00000014bb900000,0x00000014bba00000) (1024K)]
  0x000001a9fb3794d0 JavaThread "Unconstrained build operations Thread 24"        [_thread_blocked, id=31020, stack(0x00000014bba00000,0x00000014bbb00000) (1024K)]
  0x000001a9fb37af10 JavaThread "Unconstrained build operations Thread 25"        [_thread_blocked, id=28876, stack(0x00000014bbb00000,0x00000014bbc00000) (1024K)]
  0x000001a9fb37ea20 JavaThread "Unconstrained build operations Thread 26"        [_thread_blocked, id=3532, stack(0x00000014bbc00000,0x00000014bbd00000) (1024K)]
  0x000001a9fb37f0b0 JavaThread "Unconstrained build operations Thread 27"        [_thread_blocked, id=19808, stack(0x00000014bbd00000,0x00000014bbe00000) (1024K)]
  0x000001a9fb37bc30 JavaThread "Unconstrained build operations Thread 28"        [_thread_blocked, id=24976, stack(0x00000014bbe00000,0x00000014bbf00000) (1024K)]
  0x000001a9fb37c950 JavaThread "Unconstrained build operations Thread 29"        [_thread_blocked, id=29676, stack(0x00000014bbf00000,0x00000014bc000000) (1024K)]
  0x000001a9fb37f740 JavaThread "Unconstrained build operations Thread 30"        [_thread_blocked, id=24952, stack(0x00000014bc000000,0x00000014bc100000) (1024K)]
  0x000001a9fb37d670 JavaThread "Unconstrained build operations Thread 31"        [_thread_blocked, id=32856, stack(0x00000014bc100000,0x00000014bc200000) (1024K)]
  0x000001a9f7aa1360 JavaThread "Unconstrained build operations Thread 32"        [_thread_blocked, id=25832, stack(0x00000014bc200000,0x00000014bc300000) (1024K)]
  0x000001a9f7aa0640 JavaThread "Unconstrained build operations Thread 33"        [_thread_blocked, id=21420, stack(0x00000014bc300000,0x00000014bc400000) (1024K)]
  0x000001a9f7aa19f0 JavaThread "Unconstrained build operations Thread 34"        [_thread_blocked, id=9776, stack(0x00000014bc400000,0x00000014bc500000) (1024K)]
  0x000001a9f7a9ec00 JavaThread "Unconstrained build operations Thread 35"        [_thread_blocked, id=26944, stack(0x00000014bc500000,0x00000014bc600000) (1024K)]
  0x000001a9f7a9f290 JavaThread "Unconstrained build operations Thread 36"        [_thread_blocked, id=23024, stack(0x00000014bc600000,0x00000014bc700000) (1024K)]
  0x000001a9f7aa2710 JavaThread "Unconstrained build operations Thread 37"        [_thread_blocked, id=18224, stack(0x00000014bc700000,0x00000014bc800000) (1024K)]
  0x000001a9f7aa2080 JavaThread "Unconstrained build operations Thread 38"        [_thread_blocked, id=29324, stack(0x00000014bc800000,0x00000014bc900000) (1024K)]
  0x000001a9f7aa2da0 JavaThread "Unconstrained build operations Thread 39"        [_thread_blocked, id=18556, stack(0x00000014bc900000,0x00000014bca00000) (1024K)]
  0x000001a9f7a9f920 JavaThread "Unconstrained build operations Thread 40"        [_thread_blocked, id=9796, stack(0x00000014bca00000,0x00000014bcb00000) (1024K)]
  0x000001a9f7aa3430 JavaThread "Unconstrained build operations Thread 41"        [_thread_blocked, id=28224, stack(0x00000014bcb00000,0x00000014bcc00000) (1024K)]
  0x000001a9f7a9ffb0 JavaThread "Unconstrained build operations Thread 42"        [_thread_blocked, id=5288, stack(0x00000014bcc00000,0x00000014bcd00000) (1024K)]
  0x000001a9f7aa3ac0 JavaThread "Unconstrained build operations Thread 43"        [_thread_blocked, id=27652, stack(0x00000014bcd00000,0x00000014bce00000) (1024K)]
  0x000001a9f7aa0cd0 JavaThread "Unconstrained build operations Thread 44"        [_thread_blocked, id=13252, stack(0x00000014bce00000,0x00000014bcf00000) (1024K)]
  0x000001a9f7aa4150 JavaThread "Unconstrained build operations Thread 45"        [_thread_blocked, id=21840, stack(0x00000014bcf00000,0x00000014bd000000) (1024K)]
  0x000001a9f8fa53f0 JavaThread "build event listener"              [_thread_blocked, id=31548, stack(0x00000014ba300000,0x00000014ba400000) (1024K)]
  0x000001a9f8fa39b0 JavaThread "Memory manager"                    [_thread_blocked, id=14224, stack(0x00000014bd000000,0x00000014bd100000) (1024K)]
  0x000001a9f8fa5a80 JavaThread "build event listener"              [_thread_blocked, id=23208, stack(0x00000014bd100000,0x00000014bd200000) (1024K)]
  0x000001a9fa312370 JavaThread "pool-3-thread-1"                   [_thread_blocked, id=30164, stack(0x00000014bd300000,0x00000014bd400000) (1024K)]
  0x000001a9fa310930 JavaThread "build event listener"              [_thread_blocked, id=33036, stack(0x00000014bd400000,0x00000014bd500000) (1024K)]
  0x000001a9fa311650 JavaThread "included builds"                   [_thread_blocked, id=15716, stack(0x00000014bd500000,0x00000014bd600000) (1024K)]
  0x000001a9f7aa5b90 JavaThread "Execution worker"                  [_thread_blocked, id=3360, stack(0x00000014bd600000,0x00000014bd700000) (1024K)]
  0x000001a9fb9acff0 JavaThread "Execution worker Thread 2"         [_thread_blocked, id=30688, stack(0x00000014bd700000,0x00000014bd800000) (1024K)]
  0x000001a9fb9af0c0 JavaThread "Execution worker Thread 3"         [_thread_blocked, id=23200, stack(0x00000014bd800000,0x00000014bd900000) (1024K)]
  0x000001a9fb9ad680 JavaThread "Execution worker Thread 4"         [_thread_blocked, id=6928, stack(0x00000014bd900000,0x00000014bda00000) (1024K)]
  0x000001a9fb9b0470 JavaThread "Execution worker Thread 5"         [_thread_blocked, id=24444, stack(0x00000014bda00000,0x00000014bdb00000) (1024K)]
  0x000001a9fb9ae3a0 JavaThread "Execution worker Thread 6"         [_thread_blocked, id=21568, stack(0x00000014bdb00000,0x00000014bdc00000) (1024K)]
  0x000001a9fb9add10 JavaThread "Execution worker Thread 7"         [_thread_blocked, id=14876, stack(0x00000014bdc00000,0x00000014bdd00000) (1024K)]
  0x000001a9fb9af750 JavaThread "Cache worker for execution history cache (E:\Code\Android\dicoding-android-fundamental\MyBroadcastReceiver\.gradle\9.2.1\executionHistory)"        [_thread_blocked, id=10296, stack(0x00000014bdd00000,0x00000014bde00000) (1024K)]
  0x000001a9fb9b1190 JavaThread "Unconstrained build operations Thread 46"        [_thread_blocked, id=7244, stack(0x00000014bd200000,0x00000014bd300000) (1024K)]
  0x000001a9fb9afde0 JavaThread "Unconstrained build operations Thread 47"        [_thread_blocked, id=31492, stack(0x00000014bde00000,0x00000014bdf00000) (1024K)]
  0x000001a9fb9b0b00 JavaThread "Unconstrained build operations Thread 48"        [_thread_blocked, id=19772, stack(0x00000014bdf00000,0x00000014be000000) (1024K)]
  0x000001a9fb9b1820 JavaThread "Unconstrained build operations Thread 49"        [_thread_blocked, id=28220, stack(0x00000014be000000,0x00000014be100000) (1024K)]
  0x000001a9fb9b1eb0 JavaThread "Unconstrained build operations Thread 50"        [_thread_blocked, id=23996, stack(0x00000014be100000,0x00000014be200000) (1024K)]
  0x000001a9fb9aea30 JavaThread "Unconstrained build operations Thread 51"        [_thread_blocked, id=12432, stack(0x00000014be200000,0x00000014be300000) (1024K)]
  0x000001a9fb9b3260 JavaThread "Unconstrained build operations Thread 52"        [_thread_blocked, id=10988, stack(0x00000014be300000,0x00000014be400000) (1024K)]
  0x000001a9fb9b2bd0 JavaThread "Unconstrained build operations Thread 53"        [_thread_blocked, id=20520, stack(0x00000014be500000,0x00000014be600000) (1024K)]
  0x000001a9fb9b38f0 JavaThread "Unconstrained build operations Thread 54"        [_thread_blocked, id=16592, stack(0x00000014be600000,0x00000014be700000) (1024K)]
  0x000001a9fb9b2540 JavaThread "Unconstrained build operations Thread 55"        [_thread_blocked, id=28496, stack(0x00000014be700000,0x00000014be800000) (1024K)]
  0x000001a9fb9b3f80 JavaThread "Unconstrained build operations Thread 56"        [_thread_blocked, id=7296, stack(0x00000014be800000,0x00000014be900000) (1024K)]
  0x000001a9fb9b4610 JavaThread "Unconstrained build operations Thread 57"        [_thread_blocked, id=13200, stack(0x00000014be900000,0x00000014bea00000) (1024K)]
  0x000001a9f79ff450 JavaThread "Unconstrained build operations Thread 58"        [_thread_blocked, id=27792, stack(0x00000014bea00000,0x00000014beb00000) (1024K)]
  0x000001a9f79fedc0 JavaThread "Unconstrained build operations Thread 59"        [_thread_blocked, id=25020, stack(0x00000014beb00000,0x00000014bec00000) (1024K)]
  0x000001a9fb99f0a0 JavaThread "Unconstrained build operations Thread 60"        [_thread_blocked, id=33376, stack(0x00000014bec00000,0x00000014bed00000) (1024K)]
  0x000001a9fb9a0ae0 JavaThread "Unconstrained build operations Thread 61"        [_thread_blocked, id=24356, stack(0x00000014bed00000,0x00000014bee00000) (1024K)]
  0x000001a9fb99e380 JavaThread "Unconstrained build operations Thread 62"        [_thread_blocked, id=20732, stack(0x00000014bee00000,0x00000014bef00000) (1024K)]
  0x000001a9fcd4fa60 JavaThread "Unconstrained build operations Thread 63"        [_thread_blocked, id=33716, stack(0x00000014bef00000,0x00000014bf000000) (1024K)]
  0x000001a9fcd4f3d0 JavaThread "Unconstrained build operations Thread 64"        [_thread_blocked, id=14372, stack(0x00000014bf000000,0x00000014bf100000) (1024K)]
  0x000001a9fcd4e6b0 JavaThread "Unconstrained build operations Thread 65"        [_thread_blocked, id=22592, stack(0x00000014bf100000,0x00000014bf200000) (1024K)]
  0x000001a9fcb3b600 JavaThread "Unconstrained build operations Thread 66"        [_thread_blocked, id=12668, stack(0x00000014bf200000,0x00000014bf300000) (1024K)]
  0x000001a9f9756ba0 JavaThread "Unconstrained build operations Thread 67"        [_thread_blocked, id=10812, stack(0x00000014bf300000,0x00000014bf400000) (1024K)]
  0x000001a9f9757230 JavaThread "Unconstrained build operations Thread 68"        [_thread_blocked, id=23468, stack(0x00000014bf400000,0x00000014bf500000) (1024K)]
  0x000001a9f97578c0 JavaThread "Unconstrained build operations Thread 69"        [_thread_blocked, id=26808, stack(0x00000014bf500000,0x00000014bf600000) (1024K)]
  0x000001a9f9757f50 JavaThread "Unconstrained build operations Thread 70"        [_thread_blocked, id=33780, stack(0x00000014bf600000,0x00000014bf700000) (1024K)]
  0x000001a9f5349eb0 JavaThread "Unconstrained build operations Thread 71"        [_thread_blocked, id=2848, stack(0x00000014bf700000,0x00000014bf800000) (1024K)]
  0x000001a9f534a540 JavaThread "Unconstrained build operations Thread 72"        [_thread_blocked, id=5544, stack(0x00000014bf800000,0x00000014bf900000) (1024K)]
  0x000001a9f5349190 JavaThread "Unconstrained build operations Thread 73"        [_thread_blocked, id=33448, stack(0x00000014bf900000,0x00000014bfa00000) (1024K)]
  0x000001a9f526c5c0 JavaThread "Unconstrained build operations Thread 74"        [_thread_blocked, id=23964, stack(0x00000014bfa00000,0x00000014bfb00000) (1024K)]
  0x000001a9f526b8a0 JavaThread "Unconstrained build operations Thread 75"        [_thread_blocked, id=26368, stack(0x00000014bfb00000,0x00000014bfc00000) (1024K)]
  0x000001a9f526cc50 JavaThread "Unconstrained build operations Thread 76"        [_thread_blocked, id=26148, stack(0x00000014bfc00000,0x00000014bfd00000) (1024K)]
  0x000001a9f526bf30 JavaThread "Unconstrained build operations Thread 77"        [_thread_blocked, id=27660, stack(0x00000014bfd00000,0x00000014bfe00000) (1024K)]
  0x000001a9fca06740 JavaThread "Unconstrained build operations Thread 78"        [_thread_blocked, id=26744, stack(0x00000014bfe00000,0x00000014bff00000) (1024K)]
  0x000001a9fca060b0 JavaThread "Unconstrained build operations Thread 79"        [_thread_blocked, id=7060, stack(0x00000014bff00000,0x00000014c0000000) (1024K)]
  0x000001a9fca06dd0 JavaThread "Unconstrained build operations Thread 80"        [_thread_blocked, id=23340, stack(0x00000014c0000000,0x00000014c0100000) (1024K)]
  0x000001a9fcb3bc90 JavaThread "WorkerExecutor Queue"              [_thread_blocked, id=26732, stack(0x00000014be400000,0x00000014be500000) (1024K)]
  0x000001a9fca07460 JavaThread "WorkerExecutor Queue Thread 2"        [_thread_blocked, id=15440, stack(0x00000014c0200000,0x00000014c0300000) (1024K)]
  0x000001a9f90cee90 JavaThread "WorkerExecutor Queue Thread 3"        [_thread_blocked, id=23584, stack(0x00000014c0300000,0x00000014c0400000) (1024K)]
  0x000001a9fcb0ff80 JavaThread "RMI Scheduler(0)"           daemon [_thread_blocked, id=31408, stack(0x00000014c0100000,0x00000014c0200000) (1024K)]
  0x000001a9fcb10610 JavaThread "RMI GC Daemon"              daemon [_thread_blocked, id=22432, stack(0x00000014c0500000,0x00000014c0600000) (1024K)]
  0x000001a9fcb3af70 JavaThread "RMI TCP Accept-0"           daemon [_thread_in_native, id=5504, stack(0x00000014c0600000,0x00000014c0700000) (1024K)]
  0x000001a9fcb3d040 JavaThread "RMI Reaper"                        [_thread_blocked, id=24588, stack(0x00000014c0700000,0x00000014c0800000) (1024K)]
  0x000001a9f9516630 JavaThread "WorkerExecutor Queue Thread 4"        [_thread_blocked, id=9384, stack(0x00000014c0800000,0x00000014c0900000) (1024K)]
  0x000001a9fbb86360 JavaThread "RMI TCP Connection(2)-127.0.0.1" daemon [_thread_in_native, id=16088, stack(0x00000014c0900000,0x00000014c0a00000) (1024K)]
  0x000001a9fc0b0e30 JavaThread "pool-4-thread-1"                   [_thread_blocked, id=20088, stack(0x00000014bab00000,0x00000014bac00000) (1024K)]
  0x000001a9fcb0f260 JavaThread "stderr"                            [_thread_in_native, id=30368, stack(0x00000014c0a00000,0x00000014c0b00000) (1024K)]
  0x000001a9fcb11330 JavaThread "stdout"                            [_thread_in_native, id=11716, stack(0x00000014c0b00000,0x00000014c0c00000) (1024K)]
  0x000001a9f9518700 JavaThread "ForkJoinPool-1-worker-1"    daemon [_thread_blocked, id=20944, stack(0x00000014c0d00000,0x00000014c0e00000) (1024K)]
  0x000001a9fba65920 JavaThread "ForkJoinPool-1-worker-2"    daemon [_thread_blocked, id=32016, stack(0x00000014c0e00000,0x00000014c0f00000) (1024K)]
  0x000001a9fba66cd0 JavaThread "ForkJoinPool-1-worker-3"    daemon [_thread_blocked, id=21556, stack(0x00000014c0f00000,0x00000014c1000000) (1024K)]
  0x000001a9fcb3d6d0 JavaThread "ForkJoinPool-1-worker-4"    daemon [_thread_blocked, id=20248, stack(0x00000014c1000000,0x00000014c1100000) (1024K)]
  0x000001a9f9515280 JavaThread "ForkJoinPool-1-worker-5"    daemon [_thread_blocked, id=21668, stack(0x00000014c1100000,0x00000014c1200000) (1024K)]
  0x000001a9fba679f0 JavaThread "ForkJoinPool-1-worker-6"    daemon [_thread_blocked, id=32712, stack(0x00000014c1200000,0x00000014c1300000) (1024K)]
  0x000001a9fcb3c320 JavaThread "ForkJoinPool-1-worker-7"    daemon [_thread_blocked, id=27244, stack(0x00000014c1300000,0x00000014c1400000) (1024K)]
  0x000001a9fb99d660 JavaThread "ForkJoinPool-1-worker-8"    daemon [_thread_blocked, id=6832, stack(0x00000014c1400000,0x00000014c1500000) (1024K)]
  0x000001a9fc5e7d60 JavaThread "C2 CompilerThread1"         daemon [_thread_in_native, id=4844, stack(0x00000014b6800000,0x00000014b6900000) (1024K)]
  0x000001a9fc5e6fc0 JavaThread "C2 CompilerThread2"         daemon [_thread_in_native, id=17632, stack(0x00000014c0c00000,0x00000014c0d00000) (1024K)]
Total: 156

Other Threads:
  0x000001a9f048e2b0 VMThread "VM Thread"                           [id=9680, stack(0x00000014b7100000,0x00000014b7200000) (1024K)]
  0x000001a9f05111e0 WatcherThread "VM Periodic Task Thread"        [id=27772, stack(0x00000014b7000000,0x00000014b7100000) (1024K)]
  0x000001a9d6fd58f0 WorkerThread "GC Thread#0"                     [id=33180, stack(0x00000014b6b00000,0x00000014b6c00000) (1024K)]
  0x000001a9f5435320 WorkerThread "GC Thread#1"                     [id=27292, stack(0x00000014b7d00000,0x00000014b7e00000) (1024K)]
  0x000001a9f5411130 WorkerThread "GC Thread#2"                     [id=19012, stack(0x00000014b7e00000,0x00000014b7f00000) (1024K)]
  0x000001a9f54114d0 WorkerThread "GC Thread#3"                     [id=27364, stack(0x00000014b7f00000,0x00000014b8000000) (1024K)]
  0x000001a9f5231d70 WorkerThread "GC Thread#4"                     [id=31668, stack(0x00000014b8000000,0x00000014b8100000) (1024K)]
  0x000001a9f721c3e0 WorkerThread "GC Thread#5"                     [id=27224, stack(0x00000014b8800000,0x00000014b8900000) (1024K)]
  0x000001a9f721c780 WorkerThread "GC Thread#6"                     [id=31620, stack(0x00000014b8900000,0x00000014b8a00000) (1024K)]
  0x000001a9f721cb20 WorkerThread "GC Thread#7"                     [id=23828, stack(0x00000014b8a00000,0x00000014b8b00000) (1024K)]
  0x000001a9d6fe67e0 ConcurrentGCThread "G1 Main Marker"            [id=27116, stack(0x00000014b6c00000,0x00000014b6d00000) (1024K)]
  0x000001a9d6fea2f0 WorkerThread "G1 Conc#0"                       [id=27516, stack(0x00000014b6d00000,0x00000014b6e00000) (1024K)]
  0x000001a9f5c59fd0 WorkerThread "G1 Conc#1"                       [id=25256, stack(0x00000014b8b00000,0x00000014b8c00000) (1024K)]
  0x000001a9f036b700 ConcurrentGCThread "G1 Refine#0"               [id=28296, stack(0x00000014b6e00000,0x00000014b6f00000) (1024K)]
  0x000001a9f036bf20 ConcurrentGCThread "G1 Service"                [id=30832, stack(0x00000014b6f00000,0x00000014b7000000) (1024K)]
Total: 15

Threads with active compile tasks:
C2 CompilerThread0  51245 19329       4       org.objectweb.asm.ClassReader::readCode (5117 bytes)
C2 CompilerThread1  51245 19501       4       org.objectweb.asm.ClassReader::readMethod (1070 bytes)
C2 CompilerThread2  51245 19476       4       org.objectweb.asm.ClassWriter::toByteArray (1535 bytes)
Total: 3

VM state: not at safepoint (normal execution)

VM Mutex/Monitor currently owned by a thread: None

Heap address: 0x0000000080000000, size: 2048 MB, Compressed Oops mode: 32-bit

CDS archive(s) not mapped
Compressed class space mapped at: 0x0000000100000000-0x0000000140000000, reserved size: 1073741824
Narrow klass base: 0x0000000000000000, Narrow klass shift: 3, Narrow klass range: 0x140000000

GC Precious Log:
 CardTable entry size: 512
 Card Set container configuration: InlinePtr #cards 5 size 8 Array Of Cards #cards 12 size 40 Howl #buckets 4 coarsen threshold 1843 Howl Bitmap #cards 512 size 80 coarsen threshold 460 Card regions per heap region 1 cards per card region 2048
 CPUs: 8 total, 8 available
 Memory: 15809M
 Large Page Support: Disabled
 NUMA Support: Disabled
 Compressed Oops: Enabled (32-bit)
 Heap Region Size: 1M
 Heap Min Capacity: 8M
 Heap Initial Capacity: 248M
 Heap Max Capacity: 2G
 Pre-touch: Disabled
 Parallel Workers: 8
 Concurrent Workers: 2
 Concurrent Refinement Workers: 8
 Periodic GC: Disabled

Heap:
 garbage-first heap   total 471040K, used 314087K [0x0000000080000000, 0x0000000100000000)
  region size 1024K, 56 young (57344K), 3 survivors (3072K)
 Metaspace       used 139690K, committed 142144K, reserved 1179648K
  class space    used 19667K, committed 20864K, reserved 1048576K

Heap Regions: E=young(eden), S=young(survivor), O=old, HS=humongous(starts), HC=humongous(continues), CS=collection set, F=free, TAMS=top-at-mark-start, PB=parsable bottom
|   0|0x0000000080000000, 0x0000000080100000, 0x0000000080100000|100%|HS|  |TAMS 0x0000000080100000| PB 0x0000000080000000| Complete 
|   1|0x0000000080100000, 0x0000000080200000, 0x0000000080200000|100%|HC|  |TAMS 0x0000000080200000| PB 0x0000000080100000| Complete 
|   2|0x0000000080200000, 0x0000000080300000, 0x0000000080300000|100%|HC|  |TAMS 0x0000000080300000| PB 0x0000000080200000| Complete 
|   3|0x0000000080300000, 0x0000000080400000, 0x0000000080400000|100%|HC|  |TAMS 0x0000000080400000| PB 0x0000000080300000| Complete 
|   4|0x0000000080400000, 0x0000000080500000, 0x0000000080500000|100%| O|  |TAMS 0x0000000080500000| PB 0x0000000080400000| Untracked 
|   5|0x0000000080500000, 0x0000000080600000, 0x0000000080600000|100%| O|  |TAMS 0x0000000080600000| PB 0x0000000080500000| Untracked 
|   6|0x0000000080600000, 0x0000000080700000, 0x0000000080700000|100%| O|  |TAMS 0x0000000080700000| PB 0x0000000080600000| Untracked 
|   7|0x0000000080700000, 0x0000000080800000, 0x0000000080800000|100%|HS|  |TAMS 0x0000000080800000| PB 0x0000000080700000| Complete 
|   8|0x0000000080800000, 0x0000000080900000, 0x0000000080900000|100%| O|  |TAMS 0x0000000080900000| PB 0x0000000080800000| Untracked 
|   9|0x0000000080900000, 0x0000000080a00000, 0x0000000080a00000|100%| O|  |TAMS 0x0000000080a00000| PB 0x0000000080900000| Untracked 
|  10|0x0000000080a00000, 0x0000000080b00000, 0x0000000080b00000|100%| O|  |TAMS 0x0000000080b00000| PB 0x0000000080a00000| Untracked 
|  11|0x0000000080b00000, 0x0000000080c00000, 0x0000000080c00000|100%| O|  |TAMS 0x0000000080c00000| PB 0x0000000080b00000| Untracked 
|  12|0x0000000080c00000, 0x0000000080d00000, 0x0000000080d00000|100%| O|  |TAMS 0x0000000080d00000| PB 0x0000000080c00000| Untracked 
|  13|0x0000000080d00000, 0x0000000080e00000, 0x0000000080e00000|100%| O|  |TAMS 0x0000000080e00000| PB 0x0000000080d00000| Untracked 
|  14|0x0000000080e00000, 0x0000000080f00000, 0x0000000080f00000|100%| O|  |TAMS 0x0000000080f00000| PB 0x0000000080e00000| Untracked 
|  15|0x0000000080f00000, 0x0000000081000000, 0x0000000081000000|100%| O|  |TAMS 0x0000000081000000| PB 0x0000000080f00000| Untracked 
|  16|0x0000000081000000, 0x0000000081100000, 0x0000000081100000|100%| O|  |TAMS 0x0000000081100000| PB 0x0000000081000000| Untracked 
|  17|0x0000000081100000, 0x0000000081200000, 0x0000000081200000|100%| O|  |TAMS 0x0000000081200000| PB 0x0000000081100000| Updating 
|  18|0x0000000081200000, 0x0000000081300000, 0x0000000081300000|100%| O|  |TAMS 0x0000000081300000| PB 0x0000000081200000| Untracked 
|  19|0x0000000081300000, 0x0000000081400000, 0x0000000081400000|100%| O|  |TAMS 0x0000000081400000| PB 0x0000000081300000| Untracked 
|  20|0x0000000081400000, 0x0000000081500000, 0x0000000081500000|100%| O|  |TAMS 0x0000000081500000| PB 0x0000000081400000| Untracked 
|  21|0x0000000081500000, 0x0000000081600000, 0x0000000081600000|100%| O|  |TAMS 0x0000000081600000| PB 0x0000000081500000| Untracked 
|  22|0x0000000081600000, 0x0000000081700000, 0x0000000081700000|100%| O|  |TAMS 0x0000000081700000| PB 0x0000000081600000| Untracked 
|  23|0x0000000081700000, 0x0000000081800000, 0x0000000081800000|100%| O|  |TAMS 0x0000000081800000| PB 0x0000000081700000| Untracked 
|  24|0x0000000081800000, 0x0000000081900000, 0x0000000081900000|100%| O|  |TAMS 0x0000000081900000| PB 0x0000000081800000| Untracked 
|  25|0x0000000081900000, 0x0000000081a00000, 0x0000000081a00000|100%| O|  |TAMS 0x0000000081a00000| PB 0x0000000081900000| Updating 
|  26|0x0000000081a00000, 0x0000000081b00000, 0x0000000081b00000|100%|HS|  |TAMS 0x0000000081b00000| PB 0x0000000081a00000| Complete 
|  27|0x0000000081b00000, 0x0000000081c00000, 0x0000000081c00000|100%|HC|  |TAMS 0x0000000081c00000| PB 0x0000000081b00000| Complete 
|  28|0x0000000081c00000, 0x0000000081d00000, 0x0000000081d00000|100%| O|  |TAMS 0x0000000081d00000| PB 0x0000000081c00000| Untracked 
|  29|0x0000000081d00000, 0x0000000081e00000, 0x0000000081e00000|100%| O|  |TAMS 0x0000000081e00000| PB 0x0000000081d00000| Untracked 
|  30|0x0000000081e00000, 0x0000000081f00000, 0x0000000081f00000|100%|HS|  |TAMS 0x0000000081f00000| PB 0x0000000081e00000| Complete 
|  31|0x0000000081f00000, 0x0000000082000000, 0x0000000082000000|100%| O|  |TAMS 0x0000000082000000| PB 0x0000000081f00000| Untracked 
|  32|0x0000000082000000, 0x0000000082100000, 0x0000000082100000|100%| O|  |TAMS 0x0000000082100000| PB 0x0000000082000000| Updating 
|  33|0x0000000082100000, 0x0000000082200000, 0x0000000082200000|100%| O|  |TAMS 0x0000000082200000| PB 0x0000000082100000| Untracked 
|  34|0x0000000082200000, 0x0000000082300000, 0x0000000082300000|100%| O|  |TAMS 0x0000000082300000| PB 0x0000000082200000| Untracked 
|  35|0x0000000082300000, 0x0000000082400000, 0x0000000082400000|100%| O|  |TAMS 0x0000000082400000| PB 0x0000000082300000| Untracked 
|  36|0x0000000082400000, 0x0000000082500000, 0x0000000082500000|100%| O|  |TAMS 0x0000000082500000| PB 0x0000000082400000| Untracked 
|  37|0x0000000082500000, 0x0000000082600000, 0x0000000082600000|100%| O|  |TAMS 0x0000000082600000| PB 0x0000000082500000| Updating 
|  38|0x0000000082600000, 0x0000000082700000, 0x0000000082700000|100%| O|  |TAMS 0x0000000082700000| PB 0x0000000082600000| Untracked 
|  39|0x0000000082700000, 0x0000000082800000, 0x0000000082800000|100%| O|  |TAMS 0x0000000082800000| PB 0x0000000082700000| Updating 
|  40|0x0000000082800000, 0x0000000082900000, 0x0000000082900000|100%| O|  |TAMS 0x0000000082900000| PB 0x0000000082800000| Updating 
|  41|0x0000000082900000, 0x0000000082a00000, 0x0000000082a00000|100%| O|  |TAMS 0x0000000082a00000| PB 0x0000000082900000| Updating 
|  42|0x0000000082a00000, 0x0000000082b00000, 0x0000000082b00000|100%| O|  |TAMS 0x0000000082b00000| PB 0x0000000082a00000| Untracked 
|  43|0x0000000082b00000, 0x0000000082c00000, 0x0000000082c00000|100%| O|  |TAMS 0x0000000082c00000| PB 0x0000000082b00000| Updating 
|  44|0x0000000082c00000, 0x0000000082d00000, 0x0000000082d00000|100%| O|  |TAMS 0x0000000082d00000| PB 0x0000000082c00000| Untracked 
|  45|0x0000000082d00000, 0x0000000082e00000, 0x0000000082e00000|100%| O|  |TAMS 0x0000000082e00000| PB 0x0000000082d00000| Untracked 
|  46|0x0000000082e00000, 0x0000000082f00000, 0x0000000082f00000|100%| O|  |TAMS 0x0000000082f00000| PB 0x0000000082e00000| Untracked 
|  47|0x0000000082f00000, 0x0000000083000000, 0x0000000083000000|100%| O|  |TAMS 0x0000000083000000| PB 0x0000000082f00000| Untracked 
|  48|0x0000000083000000, 0x0000000083100000, 0x0000000083100000|100%| O|  |TAMS 0x0000000083100000| PB 0x0000000083000000| Updating 
|  49|0x0000000083100000, 0x0000000083200000, 0x0000000083200000|100%|HS|  |TAMS 0x0000000083200000| PB 0x0000000083100000| Complete 
|  50|0x0000000083200000, 0x0000000083300000, 0x0000000083300000|100%|HS|  |TAMS 0x0000000083300000| PB 0x0000000083200000| Complete 
|  51|0x0000000083300000, 0x0000000083400000, 0x0000000083400000|100%|HC|  |TAMS 0x0000000083400000| PB 0x0000000083300000| Complete 
|  52|0x0000000083400000, 0x0000000083500000, 0x0000000083500000|100%|HS|  |TAMS 0x0000000083500000| PB 0x0000000083400000| Complete 
|  53|0x0000000083500000, 0x0000000083600000, 0x0000000083600000|100%|HS|  |TAMS 0x0000000083600000| PB 0x0000000083500000| Complete 
|  54|0x0000000083600000, 0x0000000083700000, 0x0000000083700000|100%| O|  |TAMS 0x0000000083700000| PB 0x0000000083600000| Untracked 
|  55|0x0000000083700000, 0x0000000083800000, 0x0000000083800000|100%|HS|  |TAMS 0x0000000083800000| PB 0x0000000083700000| Complete 
|  56|0x0000000083800000, 0x0000000083900000, 0x0000000083900000|100%|HS|  |TAMS 0x0000000083900000| PB 0x0000000083800000| Complete 
|  57|0x0000000083900000, 0x0000000083a00000, 0x0000000083a00000|100%| O|  |TAMS 0x0000000083a00000| PB 0x0000000083900000| Untracked 
|  58|0x0000000083a00000, 0x0000000083b00000, 0x0000000083b00000|100%| O|  |TAMS 0x0000000083b00000| PB 0x0000000083a00000| Untracked 
|  59|0x0000000083b00000, 0x0000000083c00000, 0x0000000083c00000|100%|HS|  |TAMS 0x0000000083c00000| PB 0x0000000083b00000| Complete 
|  60|0x0000000083c00000, 0x0000000083d00000, 0x0000000083d00000|100%|HC|  |TAMS 0x0000000083d00000| PB 0x0000000083c00000| Complete 
|  61|0x0000000083d00000, 0x0000000083e00000, 0x0000000083e00000|100%| O|  |TAMS 0x0000000083e00000| PB 0x0000000083d00000| Untracked 
|  62|0x0000000083e00000, 0x0000000083f00000, 0x0000000083f00000|100%| O|  |TAMS 0x0000000083f00000| PB 0x0000000083e00000| Untracked 
|  63|0x0000000083f00000, 0x0000000084000000, 0x0000000084000000|100%| O|  |TAMS 0x0000000084000000| PB 0x0000000083f00000| Untracked 
|  64|0x0000000084000000, 0x0000000084100000, 0x0000000084100000|100%| O|  |TAMS 0x0000000084100000| PB 0x0000000084000000| Updating 
|  65|0x0000000084100000, 0x0000000084200000, 0x0000000084200000|100%| O|  |TAMS 0x0000000084200000| PB 0x0000000084100000| Untracked 
|  66|0x0000000084200000, 0x0000000084300000, 0x0000000084300000|100%| O|  |TAMS 0x0000000084300000| PB 0x0000000084200000| Updating 
|  67|0x0000000084300000, 0x0000000084400000, 0x0000000084400000|100%| O|  |TAMS 0x0000000084400000| PB 0x0000000084300000| Updating 
|  68|0x0000000084400000, 0x0000000084500000, 0x0000000084500000|100%| O|  |TAMS 0x0000000084500000| PB 0x0000000084400000| Updating 
|  69|0x0000000084500000, 0x0000000084600000, 0x0000000084600000|100%|HS|  |TAMS 0x0000000084600000| PB 0x0000000084500000| Complete 
|  70|0x0000000084600000, 0x0000000084700000, 0x0000000084700000|100%| O|  |TAMS 0x0000000084700000| PB 0x0000000084600000| Untracked 
|  71|0x0000000084700000, 0x0000000084800000, 0x0000000084800000|100%| O|  |TAMS 0x0000000084800000| PB 0x0000000084700000| Untracked 
|  72|0x0000000084800000, 0x0000000084900000, 0x0000000084900000|100%| O|  |TAMS 0x0000000084900000| PB 0x0000000084800000| Untracked 
|  73|0x0000000084900000, 0x0000000084a00000, 0x0000000084a00000|100%| O|  |TAMS 0x0000000084a00000| PB 0x0000000084900000| Untracked 
|  74|0x0000000084a00000, 0x0000000084b00000, 0x0000000084b00000|100%| O|  |TAMS 0x0000000084b00000| PB 0x0000000084a00000| Untracked 
|  75|0x0000000084b00000, 0x0000000084c00000, 0x0000000084c00000|100%| O|  |TAMS 0x0000000084c00000| PB 0x0000000084b00000| Untracked 
|  76|0x0000000084c00000, 0x0000000084d00000, 0x0000000084d00000|100%| O|  |TAMS 0x0000000084d00000| PB 0x0000000084c00000| Untracked 
|  77|0x0000000084d00000, 0x0000000084e00000, 0x0000000084e00000|100%| O|  |TAMS 0x0000000084e00000| PB 0x0000000084d00000| Untracked 
|  78|0x0000000084e00000, 0x0000000084f00000, 0x0000000084f00000|100%| O|  |TAMS 0x0000000084f00000| PB 0x0000000084e00000| Untracked 
|  79|0x0000000084f00000, 0x0000000085000000, 0x0000000085000000|100%| O|  |TAMS 0x0000000085000000| PB 0x0000000084f00000| Updating 
|  80|0x0000000085000000, 0x0000000085100000, 0x0000000085100000|100%| O|  |TAMS 0x0000000085100000| PB 0x0000000085000000| Untracked 
|  81|0x0000000085100000, 0x0000000085200000, 0x0000000085200000|100%| O|  |TAMS 0x0000000085200000| PB 0x0000000085100000| Untracked 
|  82|0x0000000085200000, 0x0000000085300000, 0x0000000085300000|100%| O|  |TAMS 0x0000000085300000| PB 0x0000000085200000| Untracked 
|  83|0x0000000085300000, 0x0000000085400000, 0x0000000085400000|100%| O|  |TAMS 0x0000000085400000| PB 0x0000000085300000| Updating 
|  84|0x0000000085400000, 0x0000000085500000, 0x0000000085500000|100%| O|  |TAMS 0x0000000085500000| PB 0x0000000085400000| Untracked 
|  85|0x0000000085500000, 0x0000000085600000, 0x0000000085600000|100%| O|  |TAMS 0x0000000085600000| PB 0x0000000085500000| Untracked 
|  86|0x0000000085600000, 0x0000000085700000, 0x0000000085700000|100%| O|  |TAMS 0x0000000085700000| PB 0x0000000085600000| Untracked 
|  87|0x0000000085700000, 0x0000000085800000, 0x0000000085800000|100%| O|  |TAMS 0x0000000085800000| PB 0x0000000085700000| Untracked 
|  88|0x0000000085800000, 0x0000000085900000, 0x0000000085900000|100%| O|  |TAMS 0x0000000085900000| PB 0x0000000085800000| Untracked 
|  89|0x0000000085900000, 0x0000000085a00000, 0x0000000085a00000|100%| O|  |TAMS 0x0000000085a00000| PB 0x0000000085900000| Untracked 
|  90|0x0000000085a00000, 0x0000000085b00000, 0x0000000085b00000|100%| O|  |TAMS 0x0000000085b00000| PB 0x0000000085a00000| Untracked 
|  91|0x0000000085b00000, 0x0000000085c00000, 0x0000000085c00000|100%| O|  |TAMS 0x0000000085c00000| PB 0x0000000085b00000| Untracked 
|  92|0x0000000085c00000, 0x0000000085d00000, 0x0000000085d00000|100%| O|  |TAMS 0x0000000085d00000| PB 0x0000000085c00000| Untracked 
|  93|0x0000000085d00000, 0x0000000085e00000, 0x0000000085e00000|100%| O|  |TAMS 0x0000000085e00000| PB 0x0000000085d00000| Untracked 
|  94|0x0000000085e00000, 0x0000000085f00000, 0x0000000085f00000|100%| O|  |TAMS 0x0000000085f00000| PB 0x0000000085e00000| Untracked 
|  95|0x0000000085f00000, 0x0000000086000000, 0x0000000086000000|100%| O|  |TAMS 0x0000000086000000| PB 0x0000000085f00000| Untracked 
|  96|0x0000000086000000, 0x0000000086100000, 0x0000000086100000|100%| O|  |TAMS 0x0000000086100000| PB 0x0000000086000000| Untracked 
|  97|0x0000000086100000, 0x0000000086200000, 0x0000000086200000|100%| O|  |TAMS 0x0000000086200000| PB 0x0000000086100000| Untracked 
|  98|0x0000000086200000, 0x0000000086300000, 0x0000000086300000|100%| O|  |TAMS 0x0000000086300000| PB 0x0000000086200000| Untracked 
|  99|0x0000000086300000, 0x0000000086400000, 0x0000000086400000|100%| O|  |TAMS 0x0000000086400000| PB 0x0000000086300000| Untracked 
| 100|0x0000000086400000, 0x0000000086500000, 0x0000000086500000|100%| O|  |TAMS 0x0000000086500000| PB 0x0000000086400000| Untracked 
| 101|0x0000000086500000, 0x0000000086600000, 0x0000000086600000|100%| O|  |TAMS 0x0000000086600000| PB 0x0000000086500000| Untracked 
| 102|0x0000000086600000, 0x0000000086700000, 0x0000000086700000|100%| O|  |TAMS 0x0000000086700000| PB 0x0000000086600000| Updating 
| 103|0x0000000086700000, 0x0000000086800000, 0x0000000086800000|100%| O|  |TAMS 0x0000000086800000| PB 0x0000000086700000| Untracked 
| 104|0x0000000086800000, 0x0000000086900000, 0x0000000086900000|100%| O|  |TAMS 0x0000000086900000| PB 0x0000000086800000| Updating 
| 105|0x0000000086900000, 0x0000000086900000, 0x0000000086a00000|  0%| F|  |TAMS 0x0000000086900000| PB 0x0000000086900000| Untracked 
| 106|0x0000000086a00000, 0x0000000086b00000, 0x0000000086b00000|100%| O|  |TAMS 0x0000000086b00000| PB 0x0000000086a00000| Updating 
| 107|0x0000000086b00000, 0x0000000086c00000, 0x0000000086c00000|100%| O|  |TAMS 0x0000000086c00000| PB 0x0000000086b00000| Updating 
| 108|0x0000000086c00000, 0x0000000086d00000, 0x0000000086d00000|100%| O|  |TAMS 0x0000000086d00000| PB 0x0000000086c00000| Updating 
| 109|0x0000000086d00000, 0x0000000086d00000, 0x0000000086e00000|  0%| F|  |TAMS 0x0000000086d00000| PB 0x0000000086d00000| Untracked 
| 110|0x0000000086e00000, 0x0000000086e00000, 0x0000000086f00000|  0%| F|  |TAMS 0x0000000086e00000| PB 0x0000000086e00000| Untracked 
| 111|0x0000000086f00000, 0x0000000087000000, 0x0000000087000000|100%| O|  |TAMS 0x0000000087000000| PB 0x0000000086f00000| Untracked 
| 112|0x0000000087000000, 0x0000000087000000, 0x0000000087100000|  0%| F|  |TAMS 0x0000000087000000| PB 0x0000000087000000| Untracked 
| 113|0x0000000087100000, 0x0000000087200000, 0x0000000087200000|100%| O|  |TAMS 0x0000000087200000| PB 0x0000000087100000| Untracked 
| 114|0x0000000087200000, 0x0000000087200000, 0x0000000087300000|  0%| F|  |TAMS 0x0000000087200000| PB 0x0000000087200000| Untracked 
| 115|0x0000000087300000, 0x0000000087300000, 0x0000000087400000|  0%| F|  |TAMS 0x0000000087300000| PB 0x0000000087300000| Untracked 
| 116|0x0000000087400000, 0x0000000087500000, 0x0000000087500000|100%| O|  |TAMS 0x0000000087500000| PB 0x0000000087400000| Untracked 
| 117|0x0000000087500000, 0x0000000087600000, 0x0000000087600000|100%| O|  |TAMS 0x0000000087600000| PB 0x0000000087500000| Untracked 
| 118|0x0000000087600000, 0x0000000087600000, 0x0000000087700000|  0%| F|  |TAMS 0x0000000087600000| PB 0x0000000087600000| Untracked 
| 119|0x0000000087700000, 0x0000000087800000, 0x0000000087800000|100%| O|  |TAMS 0x0000000087800000| PB 0x0000000087700000| Untracked 
| 120|0x0000000087800000, 0x0000000087900000, 0x0000000087900000|100%| O|  |TAMS 0x0000000087900000| PB 0x0000000087800000| Untracked 
| 121|0x0000000087900000, 0x0000000087a00000, 0x0000000087a00000|100%| O|  |TAMS 0x0000000087a00000| PB 0x0000000087900000| Untracked 
| 122|0x0000000087a00000, 0x0000000087a00000, 0x0000000087b00000|  0%| F|  |TAMS 0x0000000087a00000| PB 0x0000000087a00000| Untracked 
| 123|0x0000000087b00000, 0x0000000087b00000, 0x0000000087c00000|  0%| F|  |TAMS 0x0000000087b00000| PB 0x0000000087b00000| Untracked 
| 124|0x0000000087c00000, 0x0000000087c00000, 0x0000000087d00000|  0%| F|  |TAMS 0x0000000087c00000| PB 0x0000000087c00000| Untracked 
| 125|0x0000000087d00000, 0x0000000087d00000, 0x0000000087e00000|  0%| F|  |TAMS 0x0000000087d00000| PB 0x0000000087d00000| Untracked 
| 126|0x0000000087e00000, 0x0000000087e00000, 0x0000000087f00000|  0%| F|  |TAMS 0x0000000087e00000| PB 0x0000000087e00000| Untracked 
| 127|0x0000000087f00000, 0x0000000087f00000, 0x0000000088000000|  0%| F|  |TAMS 0x0000000087f00000| PB 0x0000000087f00000| Untracked 
| 128|0x0000000088000000, 0x0000000088000000, 0x0000000088100000|  0%| F|  |TAMS 0x0000000088000000| PB 0x0000000088000000| Untracked 
| 129|0x0000000088100000, 0x0000000088100000, 0x0000000088200000|  0%| F|  |TAMS 0x0000000088100000| PB 0x0000000088100000| Untracked 
| 130|0x0000000088200000, 0x0000000088200000, 0x0000000088300000|  0%| F|  |TAMS 0x0000000088200000| PB 0x0000000088200000| Untracked 
| 131|0x0000000088300000, 0x0000000088300000, 0x0000000088400000|  0%| F|  |TAMS 0x0000000088300000| PB 0x0000000088300000| Untracked 
| 132|0x0000000088400000, 0x0000000088500000, 0x0000000088500000|100%| O|  |TAMS 0x0000000088500000| PB 0x0000000088400000| Untracked 
| 133|0x0000000088500000, 0x0000000088600000, 0x0000000088600000|100%| O|  |TAMS 0x0000000088600000| PB 0x0000000088500000| Untracked 
| 134|0x0000000088600000, 0x0000000088700000, 0x0000000088700000|100%| O|  |TAMS 0x0000000088700000| PB 0x0000000088600000| Updating 
| 135|0x0000000088700000, 0x0000000088800000, 0x0000000088800000|100%| O|  |TAMS 0x0000000088800000| PB 0x0000000088700000| Untracked 
| 136|0x0000000088800000, 0x0000000088900000, 0x0000000088900000|100%| O|  |TAMS 0x0000000088900000| PB 0x0000000088800000| Untracked 
| 137|0x0000000088900000, 0x0000000088a00000, 0x0000000088a00000|100%| O|  |TAMS 0x0000000088a00000| PB 0x0000000088900000| Untracked 
| 138|0x0000000088a00000, 0x0000000088b00000, 0x0000000088b00000|100%| O|  |TAMS 0x0000000088b00000| PB 0x0000000088a00000| Untracked 
| 139|0x0000000088b00000, 0x0000000088b00000, 0x0000000088c00000|  0%| F|  |TAMS 0x0000000088b00000| PB 0x0000000088b00000| Untracked 
| 140|0x0000000088c00000, 0x0000000088d00000, 0x0000000088d00000|100%| O|  |TAMS 0x0000000088d00000| PB 0x0000000088c00000| Untracked 
| 141|0x0000000088d00000, 0x0000000088e00000, 0x0000000088e00000|100%| O|  |TAMS 0x0000000088e00000| PB 0x0000000088d00000| Updating 
| 142|0x0000000088e00000, 0x0000000088f00000, 0x0000000088f00000|100%| O|  |TAMS 0x0000000088f00000| PB 0x0000000088f00000| Updating 
| 143|0x0000000088f00000, 0x0000000088f00000, 0x0000000089000000|  0%| F|  |TAMS 0x0000000088f00000| PB 0x0000000088f00000| Untracked 
| 144|0x0000000089000000, 0x0000000089000000, 0x0000000089100000|  0%| F|  |TAMS 0x0000000089000000| PB 0x0000000089000000| Untracked 
| 145|0x0000000089100000, 0x0000000089200000, 0x0000000089200000|100%| O|  |TAMS 0x0000000089200000| PB 0x0000000089200000| Updating 
| 146|0x0000000089200000, 0x0000000089300000, 0x0000000089300000|100%| O|  |TAMS 0x0000000089300000| PB 0x0000000089300000| Updating 
| 147|0x0000000089300000, 0x0000000089300000, 0x0000000089400000|  0%| F|  |TAMS 0x0000000089300000| PB 0x0000000089300000| Untracked 
| 148|0x0000000089400000, 0x0000000089500000, 0x0000000089500000|100%| O|  |TAMS 0x0000000089500000| PB 0x0000000089500000| Updating 
| 149|0x0000000089500000, 0x0000000089600000, 0x0000000089600000|100%| O|  |TAMS 0x0000000089600000| PB 0x0000000089600000| Updating 
| 150|0x0000000089600000, 0x0000000089700000, 0x0000000089700000|100%| O|  |TAMS 0x0000000089700000| PB 0x0000000089700000| Updating 
| 151|0x0000000089700000, 0x0000000089700000, 0x0000000089800000|  0%| F|  |TAMS 0x0000000089700000| PB 0x0000000089700000| Untracked 
| 152|0x0000000089800000, 0x0000000089900000, 0x0000000089900000|100%| O|  |TAMS 0x0000000089900000| PB 0x0000000089900000| Updating 
| 153|0x0000000089900000, 0x0000000089a00000, 0x0000000089a00000|100%| O|  |TAMS 0x0000000089a00000| PB 0x0000000089a00000| Updating 
| 154|0x0000000089a00000, 0x0000000089a00000, 0x0000000089b00000|  0%| F|  |TAMS 0x0000000089a00000| PB 0x0000000089a00000| Untracked 
| 155|0x0000000089b00000, 0x0000000089b00000, 0x0000000089c00000|  0%| F|  |TAMS 0x0000000089b00000| PB 0x0000000089b00000| Untracked 
| 156|0x0000000089c00000, 0x0000000089d00000, 0x0000000089d00000|100%| O|  |TAMS 0x0000000089d00000| PB 0x0000000089d00000| Updating 
| 157|0x0000000089d00000, 0x0000000089e00000, 0x0000000089e00000|100%| O|  |TAMS 0x0000000089e00000| PB 0x0000000089e00000| Updating 
| 158|0x0000000089e00000, 0x0000000089e00000, 0x0000000089f00000|  0%| F|  |TAMS 0x0000000089e00000| PB 0x0000000089e00000| Untracked 
| 159|0x0000000089f00000, 0x000000008a000000, 0x000000008a000000|100%| O|  |TAMS 0x000000008a000000| PB 0x000000008a000000| Updating 
| 160|0x000000008a000000, 0x000000008a100000, 0x000000008a100000|100%| O|  |TAMS 0x000000008a100000| PB 0x000000008a100000| Updating 
| 161|0x000000008a100000, 0x000000008a100000, 0x000000008a200000|  0%| F|  |TAMS 0x000000008a100000| PB 0x000000008a100000| Untracked 
| 162|0x000000008a200000, 0x000000008a300000, 0x000000008a300000|100%| O|  |TAMS 0x000000008a300000| PB 0x000000008a300000| Updating 
| 163|0x000000008a300000, 0x000000008a400000, 0x000000008a400000|100%| O|  |TAMS 0x000000008a400000| PB 0x000000008a400000| Updating 
| 164|0x000000008a400000, 0x000000008a500000, 0x000000008a500000|100%| O|  |TAMS 0x000000008a500000| PB 0x000000008a500000| Updating 
| 165|0x000000008a500000, 0x000000008a600000, 0x000000008a600000|100%| O|  |TAMS 0x000000008a600000| PB 0x000000008a600000| Updating 
| 166|0x000000008a600000, 0x000000008a700000, 0x000000008a700000|100%| O|  |TAMS 0x000000008a700000| PB 0x000000008a700000| Updating 
| 167|0x000000008a700000, 0x000000008a800000, 0x000000008a800000|100%| O|  |TAMS 0x000000008a800000| PB 0x000000008a800000| Updating 
| 168|0x000000008a800000, 0x000000008a800000, 0x000000008a900000|  0%| F|  |TAMS 0x000000008a800000| PB 0x000000008a800000| Untracked 
| 169|0x000000008a900000, 0x000000008a900000, 0x000000008aa00000|  0%| F|  |TAMS 0x000000008a900000| PB 0x000000008a900000| Untracked 
| 170|0x000000008aa00000, 0x000000008aa00000, 0x000000008ab00000|  0%| F|  |TAMS 0x000000008aa00000| PB 0x000000008aa00000| Untracked 
| 171|0x000000008ab00000, 0x000000008ab00000, 0x000000008ac00000|  0%| F|  |TAMS 0x000000008ab00000| PB 0x000000008ab00000| Untracked 
| 172|0x000000008ac00000, 0x000000008ad00000, 0x000000008ad00000|100%| O|  |TAMS 0x000000008ad00000| PB 0x000000008ad00000| Updating 
| 173|0x000000008ad00000, 0x000000008ae00000, 0x000000008ae00000|100%| O|  |TAMS 0x000000008ae00000| PB 0x000000008ae00000| Updating 
| 174|0x000000008ae00000, 0x000000008af00000, 0x000000008af00000|100%| O|  |TAMS 0x000000008af00000| PB 0x000000008af00000| Updating 
| 175|0x000000008af00000, 0x000000008b000000, 0x000000008b000000|100%| O|  |TAMS 0x000000008b000000| PB 0x000000008b000000| Updating 
| 176|0x000000008b000000, 0x000000008b100000, 0x000000008b100000|100%| O|  |TAMS 0x000000008b100000| PB 0x000000008b100000| Updating 
| 177|0x000000008b100000, 0x000000008b200000, 0x000000008b200000|100%| O|  |TAMS 0x000000008b200000| PB 0x000000008b200000| Updating 
| 178|0x000000008b200000, 0x000000008b300000, 0x000000008b300000|100%| O|  |TAMS 0x000000008b300000| PB 0x000000008b300000| Updating 
| 179|0x000000008b300000, 0x000000008b400000, 0x000000008b400000|100%| O|  |TAMS 0x000000008b400000| PB 0x000000008b400000| Updating 
| 180|0x000000008b400000, 0x000000008b500000, 0x000000008b500000|100%| O|  |TAMS 0x000000008b500000| PB 0x000000008b500000| Updating 
| 181|0x000000008b500000, 0x000000008b600000, 0x000000008b600000|100%| O|  |TAMS 0x000000008b600000| PB 0x000000008b600000| Updating 
| 182|0x000000008b600000, 0x000000008b700000, 0x000000008b700000|100%| O|  |TAMS 0x000000008b700000| PB 0x000000008b700000| Updating 
| 183|0x000000008b700000, 0x000000008b800000, 0x000000008b800000|100%| O|  |TAMS 0x000000008b800000| PB 0x000000008b800000| Updating 
| 184|0x000000008b800000, 0x000000008b900000, 0x000000008b900000|100%| O|  |TAMS 0x000000008b900000| PB 0x000000008b900000| Updating 
| 185|0x000000008b900000, 0x000000008ba00000, 0x000000008ba00000|100%| O|  |TAMS 0x000000008ba00000| PB 0x000000008ba00000| Updating 
| 186|0x000000008ba00000, 0x000000008bb00000, 0x000000008bb00000|100%| O|  |TAMS 0x000000008bb00000| PB 0x000000008bb00000| Updating 
| 187|0x000000008bb00000, 0x000000008bc00000, 0x000000008bc00000|100%| O|  |TAMS 0x000000008bc00000| PB 0x000000008bc00000| Updating 
| 188|0x000000008bc00000, 0x000000008bd00000, 0x000000008bd00000|100%| O|  |TAMS 0x000000008bd00000| PB 0x000000008bd00000| Updating 
| 189|0x000000008bd00000, 0x000000008be00000, 0x000000008be00000|100%| O|  |TAMS 0x000000008be00000| PB 0x000000008be00000| Updating 
| 190|0x000000008be00000, 0x000000008bf00000, 0x000000008bf00000|100%| O|  |TAMS 0x000000008bf00000| PB 0x000000008bf00000| Updating 
| 191|0x000000008bf00000, 0x000000008c000000, 0x000000008c000000|100%| O|  |TAMS 0x000000008c000000| PB 0x000000008c000000| Updating 
| 192|0x000000008c000000, 0x000000008c100000, 0x000000008c100000|100%| O|  |TAMS 0x000000008c100000| PB 0x000000008c100000| Updating 
| 193|0x000000008c100000, 0x000000008c200000, 0x000000008c200000|100%| O|  |TAMS 0x000000008c200000| PB 0x000000008c200000| Updating 
| 194|0x000000008c200000, 0x000000008c300000, 0x000000008c300000|100%| O|  |TAMS 0x000000008c300000| PB 0x000000008c300000| Updating 
| 195|0x000000008c300000, 0x000000008c300000, 0x000000008c400000|  0%| F|  |TAMS 0x000000008c300000| PB 0x000000008c300000| Untracked 
| 196|0x000000008c400000, 0x000000008c400000, 0x000000008c500000|  0%| F|  |TAMS 0x000000008c400000| PB 0x000000008c400000| Untracked 
| 197|0x000000008c500000, 0x000000008c600000, 0x000000008c600000|100%| O|  |TAMS 0x000000008c600000| PB 0x000000008c600000| Updating 
| 198|0x000000008c600000, 0x000000008c700000, 0x000000008c700000|100%| O|  |TAMS 0x000000008c700000| PB 0x000000008c700000| Updating 
| 199|0x000000008c700000, 0x000000008c800000, 0x000000008c800000|100%| O|  |TAMS 0x000000008c800000| PB 0x000000008c800000| Updating 
| 200|0x000000008c800000, 0x000000008c900000, 0x000000008c900000|100%| O|  |TAMS 0x000000008c900000| PB 0x000000008c900000| Updating 
| 201|0x000000008c900000, 0x000000008ca00000, 0x000000008ca00000|100%| O|  |TAMS 0x000000008ca00000| PB 0x000000008ca00000| Updating 
| 202|0x000000008ca00000, 0x000000008cb00000, 0x000000008cb00000|100%| O|  |TAMS 0x000000008cb00000| PB 0x000000008cb00000| Updating 
| 203|0x000000008cb00000, 0x000000008cc00000, 0x000000008cc00000|100%| O|  |TAMS 0x000000008cc00000| PB 0x000000008cc00000| Updating 
| 204|0x000000008cc00000, 0x000000008cd00000, 0x000000008cd00000|100%| O|  |TAMS 0x000000008cd00000| PB 0x000000008cd00000| Updating 
| 205|0x000000008cd00000, 0x000000008ce00000, 0x000000008ce00000|100%| O|  |TAMS 0x000000008ce00000| PB 0x000000008ce00000| Updating 
| 206|0x000000008ce00000, 0x000000008ce00000, 0x000000008cf00000|  0%| F|  |TAMS 0x000000008ce00000| PB 0x000000008ce00000| Untracked 
| 207|0x000000008cf00000, 0x000000008cf00000, 0x000000008d000000|  0%| F|  |TAMS 0x000000008cf00000| PB 0x000000008cf00000| Untracked 
| 208|0x000000008d000000, 0x000000008d000000, 0x000000008d100000|  0%| F|  |TAMS 0x000000008d000000| PB 0x000000008d000000| Untracked 
| 209|0x000000008d100000, 0x000000008d100000, 0x000000008d200000|  0%| F|  |TAMS 0x000000008d100000| PB 0x000000008d100000| Untracked 
| 210|0x000000008d200000, 0x000000008d200000, 0x000000008d300000|  0%| F|  |TAMS 0x000000008d200000| PB 0x000000008d200000| Untracked 
| 211|0x000000008d300000, 0x000000008d300000, 0x000000008d400000|  0%| F|  |TAMS 0x000000008d300000| PB 0x000000008d300000| Untracked 
| 212|0x000000008d400000, 0x000000008d400000, 0x000000008d500000|  0%| F|  |TAMS 0x000000008d400000| PB 0x000000008d400000| Untracked 
| 213|0x000000008d500000, 0x000000008d600000, 0x000000008d600000|100%| O|  |TAMS 0x000000008d600000| PB 0x000000008d600000| Updating 
| 214|0x000000008d600000, 0x000000008d700000, 0x000000008d700000|100%| O|  |TAMS 0x000000008d700000| PB 0x000000008d700000| Updating 
| 215|0x000000008d700000, 0x000000008d800000, 0x000000008d800000|100%| O|  |TAMS 0x000000008d800000| PB 0x000000008d800000| Updating 
| 216|0x000000008d800000, 0x000000008d900000, 0x000000008d900000|100%| O|  |TAMS 0x000000008d900000| PB 0x000000008d900000| Updating 
| 217|0x000000008d900000, 0x000000008da00000, 0x000000008da00000|100%| O|  |TAMS 0x000000008da00000| PB 0x000000008da00000| Updating 
| 218|0x000000008da00000, 0x000000008db00000, 0x000000008db00000|100%| O|  |TAMS 0x000000008db00000| PB 0x000000008db00000| Updating 
| 219|0x000000008db00000, 0x000000008dc00000, 0x000000008dc00000|100%| O|  |TAMS 0x000000008dc00000| PB 0x000000008dc00000| Updating 
| 220|0x000000008dc00000, 0x000000008dd00000, 0x000000008dd00000|100%| O|  |TAMS 0x000000008dd00000| PB 0x000000008dd00000| Updating 
| 221|0x000000008dd00000, 0x000000008de00000, 0x000000008de00000|100%| O|  |TAMS 0x000000008de00000| PB 0x000000008de00000| Updating 
| 222|0x000000008de00000, 0x000000008df00000, 0x000000008df00000|100%| O|  |TAMS 0x000000008df00000| PB 0x000000008df00000| Updating 
| 223|0x000000008df00000, 0x000000008e000000, 0x000000008e000000|100%| O|  |TAMS 0x000000008e000000| PB 0x000000008e000000| Updating 
| 224|0x000000008e000000, 0x000000008e100000, 0x000000008e100000|100%| O|  |TAMS 0x000000008e100000| PB 0x000000008e100000| Updating 
| 225|0x000000008e100000, 0x000000008e200000, 0x000000008e200000|100%| O|  |TAMS 0x000000008e200000| PB 0x000000008e200000| Updating 
| 226|0x000000008e200000, 0x000000008e300000, 0x000000008e300000|100%| O|  |TAMS 0x000000008e300000| PB 0x000000008e300000| Updating 
| 227|0x000000008e300000, 0x000000008e300000, 0x000000008e400000|  0%| F|  |TAMS 0x000000008e300000| PB 0x000000008e300000| Untracked 
| 228|0x000000008e400000, 0x000000008e500000, 0x000000008e500000|100%| O|  |TAMS 0x000000008e500000| PB 0x000000008e500000| Updating 
| 229|0x000000008e500000, 0x000000008e600000, 0x000000008e600000|100%| O|  |TAMS 0x000000008e600000| PB 0x000000008e600000| Updating 
| 230|0x000000008e600000, 0x000000008e700000, 0x000000008e700000|100%| O|  |TAMS 0x000000008e700000| PB 0x000000008e700000| Updating 
| 231|0x000000008e700000, 0x000000008e800000, 0x000000008e800000|100%| O|  |TAMS 0x000000008e800000| PB 0x000000008e800000| Updating 
| 232|0x000000008e800000, 0x000000008e900000, 0x000000008e900000|100%| O|  |TAMS 0x000000008e900000| PB 0x000000008e900000| Updating 
| 233|0x000000008e900000, 0x000000008ea00000, 0x000000008ea00000|100%| O|  |TAMS 0x000000008ea00000| PB 0x000000008ea00000| Updating 
| 234|0x000000008ea00000, 0x000000008eb00000, 0x000000008eb00000|100%| O|  |TAMS 0x000000008eb00000| PB 0x000000008eb00000| Updating 
| 235|0x000000008eb00000, 0x000000008ec00000, 0x000000008ec00000|100%| O|  |TAMS 0x000000008ec00000| PB 0x000000008ec00000| Updating 
| 236|0x000000008ec00000, 0x000000008ed00000, 0x000000008ed00000|100%| O|  |TAMS 0x000000008ed00000| PB 0x000000008ed00000| Updating 
| 237|0x000000008ed00000, 0x000000008ee00000, 0x000000008ee00000|100%| O|  |TAMS 0x000000008ee00000| PB 0x000000008ee00000| Updating 
| 238|0x000000008ee00000, 0x000000008ef00000, 0x000000008ef00000|100%| O|  |TAMS 0x000000008ef00000| PB 0x000000008ef00000| Updating 
| 239|0x000000008ef00000, 0x000000008f000000, 0x000000008f000000|100%| O|  |TAMS 0x000000008f000000| PB 0x000000008f000000| Updating 
| 240|0x000000008f000000, 0x000000008f100000, 0x000000008f100000|100%|HS|  |TAMS 0x000000008f100000| PB 0x000000008f000000| Complete 
| 241|0x000000008f100000, 0x000000008f200000, 0x000000008f200000|100%|HC|  |TAMS 0x000000008f200000| PB 0x000000008f100000| Complete 
| 242|0x000000008f200000, 0x000000008f300000, 0x000000008f300000|100%| O|  |TAMS 0x000000008f300000| PB 0x000000008f300000| Updating 
| 243|0x000000008f300000, 0x000000008f400000, 0x000000008f400000|100%| O|  |TAMS 0x000000008f400000| PB 0x000000008f400000| Updating 
| 244|0x000000008f400000, 0x000000008f400000, 0x000000008f500000|  0%| F|  |TAMS 0x000000008f400000| PB 0x000000008f400000| Untracked 
| 245|0x000000008f500000, 0x000000008f600000, 0x000000008f600000|100%| O|  |TAMS 0x000000008f600000| PB 0x000000008f600000| Updating 
| 246|0x000000008f600000, 0x000000008f700000, 0x000000008f700000|100%| O|  |TAMS 0x000000008f700000| PB 0x000000008f700000| Updating 
| 247|0x000000008f700000, 0x000000008f700000, 0x000000008f800000|  0%| F|  |TAMS 0x000000008f700000| PB 0x000000008f700000| Untracked 
| 248|0x000000008f800000, 0x000000008f800000, 0x000000008f900000|  0%| F|  |TAMS 0x000000008f800000| PB 0x000000008f800000| Untracked 
| 249|0x000000008f900000, 0x000000008f900000, 0x000000008fa00000|  0%| F|  |TAMS 0x000000008f900000| PB 0x000000008f900000| Untracked 
| 250|0x000000008fa00000, 0x000000008fb00000, 0x000000008fb00000|100%| O|  |TAMS 0x000000008fb00000| PB 0x000000008fb00000| Updating 
| 251|0x000000008fb00000, 0x000000008fc00000, 0x000000008fc00000|100%|HS|  |TAMS 0x000000008fc00000| PB 0x000000008fb00000| Complete 
| 252|0x000000008fc00000, 0x000000008fd00000, 0x000000008fd00000|100%|HS|  |TAMS 0x000000008fd00000| PB 0x000000008fc00000| Complete 
| 253|0x000000008fd00000, 0x000000008fe00000, 0x000000008fe00000|100%|HS|  |TAMS 0x000000008fe00000| PB 0x000000008fd00000| Complete 
| 254|0x000000008fe00000, 0x000000008ff00000, 0x000000008ff00000|100%|HC|  |TAMS 0x000000008ff00000| PB 0x000000008fe00000| Complete 
| 255|0x000000008ff00000, 0x000000008ff00000, 0x0000000090000000|  0%| F|  |TAMS 0x000000008ff00000| PB 0x000000008ff00000| Untracked 
| 256|0x0000000090000000, 0x0000000090000000, 0x0000000090100000|  0%| F|  |TAMS 0x0000000090000000| PB 0x0000000090000000| Untracked 
| 257|0x0000000090100000, 0x0000000090100000, 0x0000000090200000|  0%| F|  |TAMS 0x0000000090100000| PB 0x0000000090100000| Untracked 
| 258|0x0000000090200000, 0x0000000090200000, 0x0000000090300000|  0%| F|  |TAMS 0x0000000090200000| PB 0x0000000090200000| Untracked 
| 259|0x0000000090300000, 0x0000000090300000, 0x0000000090400000|  0%| F|  |TAMS 0x0000000090300000| PB 0x0000000090300000| Untracked 
| 260|0x0000000090400000, 0x0000000090400000, 0x0000000090500000|  0%| F|  |TAMS 0x0000000090400000| PB 0x0000000090400000| Untracked 
| 261|0x0000000090500000, 0x0000000090500000, 0x0000000090600000|  0%| F|  |TAMS 0x0000000090500000| PB 0x0000000090500000| Untracked 
| 262|0x0000000090600000, 0x0000000090600000, 0x0000000090700000|  0%| F|  |TAMS 0x0000000090600000| PB 0x0000000090600000| Untracked 
| 263|0x0000000090700000, 0x0000000090700000, 0x0000000090800000|  0%| F|  |TAMS 0x0000000090700000| PB 0x0000000090700000| Untracked 
| 264|0x0000000090800000, 0x0000000090800000, 0x0000000090900000|  0%| F|  |TAMS 0x0000000090800000| PB 0x0000000090800000| Untracked 
| 265|0x0000000090900000, 0x0000000090900000, 0x0000000090a00000|  0%| F|  |TAMS 0x0000000090900000| PB 0x0000000090900000| Untracked 
| 266|0x0000000090a00000, 0x0000000090a00000, 0x0000000090b00000|  0%| F|  |TAMS 0x0000000090a00000| PB 0x0000000090a00000| Untracked 
| 267|0x0000000090b00000, 0x0000000090b00000, 0x0000000090c00000|  0%| F|  |TAMS 0x0000000090b00000| PB 0x0000000090b00000| Untracked 
| 268|0x0000000090c00000, 0x0000000090d00000, 0x0000000090d00000|100%| O|  |TAMS 0x0000000090d00000| PB 0x0000000090d00000| Updating 
| 269|0x0000000090d00000, 0x0000000090e00000, 0x0000000090e00000|100%| O|  |TAMS 0x0000000090e00000| PB 0x0000000090e00000| Updating 
| 270|0x0000000090e00000, 0x0000000090f00000, 0x0000000090f00000|100%| O|  |TAMS 0x0000000090f00000| PB 0x0000000090f00000| Updating 
| 271|0x0000000090f00000, 0x0000000091000000, 0x0000000091000000|100%| O|  |TAMS 0x0000000091000000| PB 0x0000000091000000| Updating 
| 272|0x0000000091000000, 0x0000000091100000, 0x0000000091100000|100%| O|  |TAMS 0x0000000091100000| PB 0x0000000091100000| Updating 
| 273|0x0000000091100000, 0x0000000091200000, 0x0000000091200000|100%| O|  |TAMS 0x0000000091200000| PB 0x0000000091200000| Updating 
| 274|0x0000000091200000, 0x0000000091300000, 0x0000000091300000|100%| O|  |TAMS 0x0000000091300000| PB 0x0000000091300000| Updating 
| 275|0x0000000091300000, 0x0000000091400000, 0x0000000091400000|100%| O|  |TAMS 0x0000000091400000| PB 0x0000000091400000| Updating 
| 276|0x0000000091400000, 0x0000000091500000, 0x0000000091500000|100%| O|  |TAMS 0x0000000091500000| PB 0x0000000091500000| Updating 
| 277|0x0000000091500000, 0x0000000091600000, 0x0000000091600000|100%| O|  |TAMS 0x0000000091600000| PB 0x0000000091600000| Updating 
| 278|0x0000000091600000, 0x0000000091600000, 0x0000000091700000|  0%| F|  |TAMS 0x0000000091600000| PB 0x0000000091600000| Untracked 
| 279|0x0000000091700000, 0x0000000091700000, 0x0000000091800000|  0%| F|  |TAMS 0x0000000091700000| PB 0x0000000091700000| Untracked 
| 280|0x0000000091800000, 0x0000000091800000, 0x0000000091900000|  0%| F|  |TAMS 0x0000000091800000| PB 0x0000000091800000| Untracked 
| 281|0x0000000091900000, 0x0000000091900000, 0x0000000091a00000|  0%| F|  |TAMS 0x0000000091900000| PB 0x0000000091900000| Untracked 
| 282|0x0000000091a00000, 0x0000000091a00000, 0x0000000091b00000|  0%| F|  |TAMS 0x0000000091a00000| PB 0x0000000091a00000| Untracked 
| 283|0x0000000091b00000, 0x0000000091b00000, 0x0000000091c00000|  0%| F|  |TAMS 0x0000000091b00000| PB 0x0000000091b00000| Untracked 
| 284|0x0000000091c00000, 0x0000000091c00000, 0x0000000091d00000|  0%| F|  |TAMS 0x0000000091c00000| PB 0x0000000091c00000| Untracked 
| 285|0x0000000091d00000, 0x0000000091d00000, 0x0000000091e00000|  0%| F|  |TAMS 0x0000000091d00000| PB 0x0000000091d00000| Untracked 
| 286|0x0000000091e00000, 0x0000000091e00000, 0x0000000091f00000|  0%| F|  |TAMS 0x0000000091e00000| PB 0x0000000091e00000| Untracked 
| 287|0x0000000091f00000, 0x0000000091f00000, 0x0000000092000000|  0%| F|  |TAMS 0x0000000091f00000| PB 0x0000000091f00000| Untracked 
| 288|0x0000000092000000, 0x0000000092000000, 0x0000000092100000|  0%| F|  |TAMS 0x0000000092000000| PB 0x0000000092000000| Untracked 
| 289|0x0000000092100000, 0x0000000092100000, 0x0000000092200000|  0%| F|  |TAMS 0x0000000092100000| PB 0x0000000092100000| Untracked 
| 290|0x0000000092200000, 0x0000000092200000, 0x0000000092300000|  0%| F|  |TAMS 0x0000000092200000| PB 0x0000000092200000| Untracked 
| 291|0x0000000092300000, 0x0000000092300000, 0x0000000092400000|  0%| F|  |TAMS 0x0000000092300000| PB 0x0000000092300000| Untracked 
| 292|0x0000000092400000, 0x0000000092400000, 0x0000000092500000|  0%| F|  |TAMS 0x0000000092400000| PB 0x0000000092400000| Untracked 
| 293|0x0000000092500000, 0x0000000092500000, 0x0000000092600000|  0%| F|  |TAMS 0x0000000092500000| PB 0x0000000092500000| Untracked 
| 294|0x0000000092600000, 0x0000000092600000, 0x0000000092700000|  0%| F|  |TAMS 0x0000000092600000| PB 0x0000000092600000| Untracked 
| 295|0x0000000092700000, 0x0000000092700000, 0x0000000092800000|  0%| F|  |TAMS 0x0000000092700000| PB 0x0000000092700000| Untracked 
| 296|0x0000000092800000, 0x0000000092800000, 0x0000000092900000|  0%| F|  |TAMS 0x0000000092800000| PB 0x0000000092800000| Untracked 
| 297|0x0000000092900000, 0x0000000092900000, 0x0000000092a00000|  0%| F|  |TAMS 0x0000000092900000| PB 0x0000000092900000| Untracked 
| 298|0x0000000092a00000, 0x0000000092a00000, 0x0000000092b00000|  0%| F|  |TAMS 0x0000000092a00000| PB 0x0000000092a00000| Untracked 
| 299|0x0000000092b00000, 0x0000000092c00000, 0x0000000092c00000|100%| O|  |TAMS 0x0000000092c00000| PB 0x0000000092c00000| Updating 
| 300|0x0000000092c00000, 0x0000000092d00000, 0x0000000092d00000|100%| O|  |TAMS 0x0000000092d00000| PB 0x0000000092d00000| Updating 
| 301|0x0000000092d00000, 0x0000000092e00000, 0x0000000092e00000|100%| O|  |TAMS 0x0000000092e00000| PB 0x0000000092e00000| Updating 
| 302|0x0000000092e00000, 0x0000000092f00000, 0x0000000092f00000|100%| O|  |TAMS 0x0000000092f00000| PB 0x0000000092f00000| Updating 
| 303|0x0000000092f00000, 0x0000000093000000, 0x0000000093000000|100%| O|  |TAMS 0x0000000093000000| PB 0x0000000093000000| Updating 
| 304|0x0000000093000000, 0x0000000093000000, 0x0000000093100000|  0%| F|  |TAMS 0x0000000093000000| PB 0x0000000093000000| Untracked 
| 305|0x0000000093100000, 0x0000000093200000, 0x0000000093200000|100%| O|  |TAMS 0x0000000093200000| PB 0x0000000093200000| Updating 
| 306|0x0000000093200000, 0x0000000093200000, 0x0000000093300000|  0%| F|  |TAMS 0x0000000093200000| PB 0x0000000093200000| Untracked 
| 307|0x0000000093300000, 0x0000000093300000, 0x0000000093400000|  0%| F|  |TAMS 0x0000000093300000| PB 0x0000000093300000| Untracked 
| 308|0x0000000093400000, 0x0000000093500000, 0x0000000093500000|100%| O|  |TAMS 0x0000000093500000| PB 0x0000000093500000| Updating 
| 309|0x0000000093500000, 0x0000000093500000, 0x0000000093600000|  0%| F|  |TAMS 0x0000000093500000| PB 0x0000000093500000| Untracked 
| 310|0x0000000093600000, 0x0000000093600000, 0x0000000093700000|  0%| F|  |TAMS 0x0000000093600000| PB 0x0000000093600000| Untracked 
| 311|0x0000000093700000, 0x0000000093700000, 0x0000000093800000|  0%| F|  |TAMS 0x0000000093700000| PB 0x0000000093700000| Untracked 
| 312|0x0000000093800000, 0x0000000093800000, 0x0000000093900000|  0%| F|  |TAMS 0x0000000093800000| PB 0x0000000093800000| Untracked 
| 313|0x0000000093900000, 0x0000000093900000, 0x0000000093a00000|  0%| F|  |TAMS 0x0000000093900000| PB 0x0000000093900000| Untracked 
| 314|0x0000000093a00000, 0x0000000093a00000, 0x0000000093b00000|  0%| F|  |TAMS 0x0000000093a00000| PB 0x0000000093a00000| Untracked 
| 315|0x0000000093b00000, 0x0000000093b00000, 0x0000000093c00000|  0%| F|  |TAMS 0x0000000093b00000| PB 0x0000000093b00000| Untracked 
| 316|0x0000000093c00000, 0x0000000093c00000, 0x0000000093d00000|  0%| F|  |TAMS 0x0000000093c00000| PB 0x0000000093c00000| Untracked 
| 317|0x0000000093d00000, 0x0000000093d00000, 0x0000000093e00000|  0%| F|  |TAMS 0x0000000093d00000| PB 0x0000000093d00000| Untracked 
| 318|0x0000000093e00000, 0x0000000093eb9d08, 0x0000000093f00000| 72%| S|CS|TAMS 0x0000000093e00000| PB 0x0000000093e00000| Complete 
| 319|0x0000000093f00000, 0x0000000094000000, 0x0000000094000000|100%| S|CS|TAMS 0x0000000093f00000| PB 0x0000000093f00000| Complete 
| 320|0x0000000094000000, 0x0000000094100000, 0x0000000094100000|100%| S|CS|TAMS 0x0000000094000000| PB 0x0000000094000000| Complete 
| 321|0x0000000094100000, 0x0000000094100000, 0x0000000094200000|  0%| F|  |TAMS 0x0000000094100000| PB 0x0000000094100000| Untracked 
| 322|0x0000000094200000, 0x0000000094200000, 0x0000000094300000|  0%| F|  |TAMS 0x0000000094200000| PB 0x0000000094200000| Untracked 
| 323|0x0000000094300000, 0x0000000094300000, 0x0000000094400000|  0%| F|  |TAMS 0x0000000094300000| PB 0x0000000094300000| Untracked 
| 324|0x0000000094400000, 0x0000000094400000, 0x0000000094500000|  0%| F|  |TAMS 0x0000000094400000| PB 0x0000000094400000| Untracked 
| 325|0x0000000094500000, 0x0000000094600000, 0x0000000094600000|100%| O|  |TAMS 0x0000000094600000| PB 0x0000000094600000| Updating 
| 326|0x0000000094600000, 0x0000000094700000, 0x0000000094700000|100%| O|  |TAMS 0x0000000094700000| PB 0x0000000094700000| Updating 
| 327|0x0000000094700000, 0x0000000094700000, 0x0000000094800000|  0%| F|  |TAMS 0x0000000094700000| PB 0x0000000094700000| Untracked 
| 328|0x0000000094800000, 0x0000000094800000, 0x0000000094900000|  0%| F|  |TAMS 0x0000000094800000| PB 0x0000000094800000| Untracked 
| 329|0x0000000094900000, 0x0000000094900000, 0x0000000094a00000|  0%| F|  |TAMS 0x0000000094900000| PB 0x0000000094900000| Untracked 
| 330|0x0000000094a00000, 0x0000000094a00000, 0x0000000094b00000|  0%| F|  |TAMS 0x0000000094a00000| PB 0x0000000094a00000| Untracked 
| 331|0x0000000094b00000, 0x0000000094b00000, 0x0000000094c00000|  0%| F|  |TAMS 0x0000000094b00000| PB 0x0000000094b00000| Untracked 
| 332|0x0000000094c00000, 0x0000000094c00000, 0x0000000094d00000|  0%| F|  |TAMS 0x0000000094c00000| PB 0x0000000094c00000| Untracked 
| 333|0x0000000094d00000, 0x0000000094d00000, 0x0000000094e00000|  0%| F|  |TAMS 0x0000000094d00000| PB 0x0000000094d00000| Untracked 
| 334|0x0000000094e00000, 0x0000000094e00000, 0x0000000094f00000|  0%| F|  |TAMS 0x0000000094e00000| PB 0x0000000094e00000| Untracked 
| 335|0x0000000094f00000, 0x0000000094f00000, 0x0000000095000000|  0%| F|  |TAMS 0x0000000094f00000| PB 0x0000000094f00000| Untracked 
| 336|0x0000000095000000, 0x0000000095000000, 0x0000000095100000|  0%| F|  |TAMS 0x0000000095000000| PB 0x0000000095000000| Untracked 
| 337|0x0000000095100000, 0x0000000095100000, 0x0000000095200000|  0%| F|  |TAMS 0x0000000095100000| PB 0x0000000095100000| Untracked 
| 338|0x0000000095200000, 0x0000000095200000, 0x0000000095300000|  0%| F|  |TAMS 0x0000000095200000| PB 0x0000000095200000| Untracked 
| 339|0x0000000095300000, 0x0000000095300000, 0x0000000095400000|  0%| F|  |TAMS 0x0000000095300000| PB 0x0000000095300000| Untracked 
| 340|0x0000000095400000, 0x0000000095400000, 0x0000000095500000|  0%| F|  |TAMS 0x0000000095400000| PB 0x0000000095400000| Untracked 
| 341|0x0000000095500000, 0x0000000095500000, 0x0000000095600000|  0%| F|  |TAMS 0x0000000095500000| PB 0x0000000095500000| Untracked 
| 342|0x0000000095600000, 0x0000000095600000, 0x0000000095700000|  0%| F|  |TAMS 0x0000000095600000| PB 0x0000000095600000| Untracked 
| 343|0x0000000095700000, 0x0000000095700000, 0x0000000095800000|  0%| F|  |TAMS 0x0000000095700000| PB 0x0000000095700000| Untracked 
| 344|0x0000000095800000, 0x0000000095800000, 0x0000000095900000|  0%| F|  |TAMS 0x0000000095800000| PB 0x0000000095800000| Untracked 
| 345|0x0000000095900000, 0x0000000095900000, 0x0000000095a00000|  0%| F|  |TAMS 0x0000000095900000| PB 0x0000000095900000| Untracked 
| 346|0x0000000095a00000, 0x0000000095a00000, 0x0000000095b00000|  0%| F|  |TAMS 0x0000000095a00000| PB 0x0000000095a00000| Untracked 
| 347|0x0000000095b00000, 0x0000000095b00000, 0x0000000095c00000|  0%| F|  |TAMS 0x0000000095b00000| PB 0x0000000095b00000| Untracked 
| 348|0x0000000095c00000, 0x0000000095c00000, 0x0000000095d00000|  0%| F|  |TAMS 0x0000000095c00000| PB 0x0000000095c00000| Untracked 
| 349|0x0000000095d00000, 0x0000000095d00000, 0x0000000095e00000|  0%| F|  |TAMS 0x0000000095d00000| PB 0x0000000095d00000| Untracked 
| 350|0x0000000095e00000, 0x0000000095e00000, 0x0000000095f00000|  0%| F|  |TAMS 0x0000000095e00000| PB 0x0000000095e00000| Untracked 
| 351|0x0000000095f00000, 0x0000000095f00000, 0x0000000096000000|  0%| F|  |TAMS 0x0000000095f00000| PB 0x0000000095f00000| Untracked 
| 352|0x0000000096000000, 0x0000000096000000, 0x0000000096100000|  0%| F|  |TAMS 0x0000000096000000| PB 0x0000000096000000| Untracked 
| 353|0x0000000096100000, 0x0000000096100000, 0x0000000096200000|  0%| F|  |TAMS 0x0000000096100000| PB 0x0000000096100000| Untracked 
| 354|0x0000000096200000, 0x0000000096200000, 0x0000000096300000|  0%| F|  |TAMS 0x0000000096200000| PB 0x0000000096200000| Untracked 
| 355|0x0000000096300000, 0x0000000096300000, 0x0000000096400000|  0%| F|  |TAMS 0x0000000096300000| PB 0x0000000096300000| Untracked 
| 356|0x0000000096400000, 0x0000000096400000, 0x0000000096500000|  0%| F|  |TAMS 0x0000000096400000| PB 0x0000000096400000| Untracked 
| 357|0x0000000096500000, 0x0000000096500000, 0x0000000096600000|  0%| F|  |TAMS 0x0000000096500000| PB 0x0000000096500000| Untracked 
| 358|0x0000000096600000, 0x0000000096600000, 0x0000000096700000|  0%| F|  |TAMS 0x0000000096600000| PB 0x0000000096600000| Untracked 
| 359|0x0000000096700000, 0x0000000096700000, 0x0000000096800000|  0%| F|  |TAMS 0x0000000096700000| PB 0x0000000096700000| Untracked 
| 360|0x0000000096800000, 0x0000000096800000, 0x0000000096900000|  0%| F|  |TAMS 0x0000000096800000| PB 0x0000000096800000| Untracked 
| 361|0x0000000096900000, 0x0000000096900000, 0x0000000096a00000|  0%| F|  |TAMS 0x0000000096900000| PB 0x0000000096900000| Untracked 
| 362|0x0000000096a00000, 0x0000000096a00000, 0x0000000096b00000|  0%| F|  |TAMS 0x0000000096a00000| PB 0x0000000096a00000| Untracked 
| 363|0x0000000096b00000, 0x0000000096b00000, 0x0000000096c00000|  0%| F|  |TAMS 0x0000000096b00000| PB 0x0000000096b00000| Untracked 
| 364|0x0000000096c00000, 0x0000000096c00000, 0x0000000096d00000|  0%| F|  |TAMS 0x0000000096c00000| PB 0x0000000096c00000| Untracked 
| 365|0x0000000096d00000, 0x0000000096d00000, 0x0000000096e00000|  0%| F|  |TAMS 0x0000000096d00000| PB 0x0000000096d00000| Untracked 
| 366|0x0000000096e00000, 0x0000000096e00000, 0x0000000096f00000|  0%| F|  |TAMS 0x0000000096e00000| PB 0x0000000096e00000| Untracked 
| 367|0x0000000096f00000, 0x0000000096f00000, 0x0000000097000000|  0%| F|  |TAMS 0x0000000096f00000| PB 0x0000000096f00000| Untracked 
| 368|0x0000000097000000, 0x0000000097000000, 0x0000000097100000|  0%| F|  |TAMS 0x0000000097000000| PB 0x0000000097000000| Untracked 
| 369|0x0000000097100000, 0x0000000097100000, 0x0000000097200000|  0%| F|  |TAMS 0x0000000097100000| PB 0x0000000097100000| Untracked 
| 370|0x0000000097200000, 0x0000000097200000, 0x0000000097300000|  0%| F|  |TAMS 0x0000000097200000| PB 0x0000000097200000| Untracked 
| 371|0x0000000097300000, 0x0000000097300000, 0x0000000097400000|  0%| F|  |TAMS 0x0000000097300000| PB 0x0000000097300000| Untracked 
| 372|0x0000000097400000, 0x0000000097400000, 0x0000000097500000|  0%| F|  |TAMS 0x0000000097400000| PB 0x0000000097400000| Untracked 
| 373|0x0000000097500000, 0x0000000097500000, 0x0000000097600000|  0%| F|  |TAMS 0x0000000097500000| PB 0x0000000097500000| Untracked 
| 374|0x0000000097600000, 0x0000000097600000, 0x0000000097700000|  0%| F|  |TAMS 0x0000000097600000| PB 0x0000000097600000| Untracked 
| 375|0x0000000097700000, 0x0000000097700000, 0x0000000097800000|  0%| F|  |TAMS 0x0000000097700000| PB 0x0000000097700000| Untracked 
| 376|0x0000000097800000, 0x0000000097800000, 0x0000000097900000|  0%| F|  |TAMS 0x0000000097800000| PB 0x0000000097800000| Untracked 
| 377|0x0000000097900000, 0x0000000097900000, 0x0000000097a00000|  0%| F|  |TAMS 0x0000000097900000| PB 0x0000000097900000| Untracked 
| 378|0x0000000097a00000, 0x0000000097a00000, 0x0000000097b00000|  0%| F|  |TAMS 0x0000000097a00000| PB 0x0000000097a00000| Untracked 
| 379|0x0000000097b00000, 0x0000000097b00000, 0x0000000097c00000|  0%| F|  |TAMS 0x0000000097b00000| PB 0x0000000097b00000| Untracked 
| 380|0x0000000097c00000, 0x0000000097c00000, 0x0000000097d00000|  0%| F|  |TAMS 0x0000000097c00000| PB 0x0000000097c00000| Untracked 
| 381|0x0000000097d00000, 0x0000000097d00000, 0x0000000097e00000|  0%| F|  |TAMS 0x0000000097d00000| PB 0x0000000097d00000| Untracked 
| 382|0x0000000097e00000, 0x0000000097e00000, 0x0000000097f00000|  0%| F|  |TAMS 0x0000000097e00000| PB 0x0000000097e00000| Untracked 
| 383|0x0000000097f00000, 0x0000000097f00000, 0x0000000098000000|  0%| F|  |TAMS 0x0000000097f00000| PB 0x0000000097f00000| Untracked 
| 384|0x0000000098000000, 0x0000000098000000, 0x0000000098100000|  0%| F|  |TAMS 0x0000000098000000| PB 0x0000000098000000| Untracked 
| 385|0x0000000098100000, 0x0000000098193db0, 0x0000000098200000| 57%| E|  |TAMS 0x0000000098100000| PB 0x0000000098100000| Complete 
| 386|0x0000000098200000, 0x0000000098300000, 0x0000000098300000|100%| E|CS|TAMS 0x0000000098200000| PB 0x0000000098200000| Complete 
| 387|0x0000000098300000, 0x0000000098400000, 0x0000000098400000|100%| E|CS|TAMS 0x0000000098300000| PB 0x0000000098300000| Complete 
| 388|0x0000000098400000, 0x0000000098500000, 0x0000000098500000|100%| E|CS|TAMS 0x0000000098400000| PB 0x0000000098400000| Complete 
| 389|0x0000000098500000, 0x0000000098600000, 0x0000000098600000|100%| E|CS|TAMS 0x0000000098500000| PB 0x0000000098500000| Complete 
| 390|0x0000000098600000, 0x0000000098700000, 0x0000000098700000|100%| E|CS|TAMS 0x0000000098600000| PB 0x0000000098600000| Complete 
| 391|0x0000000098700000, 0x0000000098800000, 0x0000000098800000|100%| E|CS|TAMS 0x0000000098700000| PB 0x0000000098700000| Complete 
| 392|0x0000000098800000, 0x0000000098900000, 0x0000000098900000|100%| E|CS|TAMS 0x0000000098800000| PB 0x0000000098800000| Complete 
| 393|0x0000000098900000, 0x0000000098a00000, 0x0000000098a00000|100%| E|CS|TAMS 0x0000000098900000| PB 0x0000000098900000| Complete 
| 394|0x0000000098a00000, 0x0000000098b00000, 0x0000000098b00000|100%| E|CS|TAMS 0x0000000098a00000| PB 0x0000000098a00000| Complete 
| 395|0x0000000098b00000, 0x0000000098c00000, 0x0000000098c00000|100%| E|CS|TAMS 0x0000000098b00000| PB 0x0000000098b00000| Complete 
| 396|0x0000000098c00000, 0x0000000098d00000, 0x0000000098d00000|100%| E|CS|TAMS 0x0000000098c00000| PB 0x0000000098c00000| Complete 
| 397|0x0000000098d00000, 0x0000000098e00000, 0x0000000098e00000|100%| E|CS|TAMS 0x0000000098d00000| PB 0x0000000098d00000| Complete 
| 398|0x0000000098e00000, 0x0000000098f00000, 0x0000000098f00000|100%| E|CS|TAMS 0x0000000098e00000| PB 0x0000000098e00000| Complete 
| 399|0x0000000098f00000, 0x0000000099000000, 0x0000000099000000|100%| E|CS|TAMS 0x0000000098f00000| PB 0x0000000098f00000| Complete 
| 400|0x0000000099000000, 0x0000000099100000, 0x0000000099100000|100%| E|CS|TAMS 0x0000000099000000| PB 0x0000000099000000| Complete 
| 401|0x0000000099100000, 0x0000000099200000, 0x0000000099200000|100%| E|CS|TAMS 0x0000000099100000| PB 0x0000000099100000| Complete 
| 402|0x0000000099200000, 0x0000000099300000, 0x0000000099300000|100%| E|CS|TAMS 0x0000000099200000| PB 0x0000000099200000| Complete 
| 403|0x0000000099300000, 0x0000000099400000, 0x0000000099400000|100%| E|CS|TAMS 0x0000000099300000| PB 0x0000000099300000| Complete 
| 404|0x0000000099400000, 0x0000000099500000, 0x0000000099500000|100%| E|CS|TAMS 0x0000000099400000| PB 0x0000000099400000| Complete 
| 405|0x0000000099500000, 0x0000000099600000, 0x0000000099600000|100%| E|CS|TAMS 0x0000000099500000| PB 0x0000000099500000| Complete 
| 406|0x0000000099600000, 0x0000000099700000, 0x0000000099700000|100%| E|CS|TAMS 0x0000000099600000| PB 0x0000000099600000| Complete 
| 407|0x0000000099700000, 0x0000000099800000, 0x0000000099800000|100%| E|CS|TAMS 0x0000000099700000| PB 0x0000000099700000| Complete 
| 408|0x0000000099800000, 0x0000000099900000, 0x0000000099900000|100%| E|CS|TAMS 0x0000000099800000| PB 0x0000000099800000| Complete 
| 409|0x0000000099900000, 0x0000000099a00000, 0x0000000099a00000|100%| E|CS|TAMS 0x0000000099900000| PB 0x0000000099900000| Complete 
| 410|0x0000000099a00000, 0x0000000099b00000, 0x0000000099b00000|100%| E|CS|TAMS 0x0000000099a00000| PB 0x0000000099a00000| Complete 
| 411|0x0000000099b00000, 0x0000000099c00000, 0x0000000099c00000|100%| E|CS|TAMS 0x0000000099b00000| PB 0x0000000099b00000| Complete 
| 412|0x0000000099c00000, 0x0000000099d00000, 0x0000000099d00000|100%| E|CS|TAMS 0x0000000099c00000| PB 0x0000000099c00000| Complete 
| 413|0x0000000099d00000, 0x0000000099e00000, 0x0000000099e00000|100%| E|CS|TAMS 0x0000000099d00000| PB 0x0000000099d00000| Complete 
| 414|0x0000000099e00000, 0x0000000099f00000, 0x0000000099f00000|100%| E|CS|TAMS 0x0000000099e00000| PB 0x0000000099e00000| Complete 
| 415|0x0000000099f00000, 0x000000009a000000, 0x000000009a000000|100%| E|CS|TAMS 0x0000000099f00000| PB 0x0000000099f00000| Complete 
| 416|0x000000009a000000, 0x000000009a100000, 0x000000009a100000|100%| E|CS|TAMS 0x000000009a000000| PB 0x000000009a000000| Complete 
| 417|0x000000009a100000, 0x000000009a200000, 0x000000009a200000|100%| E|CS|TAMS 0x000000009a100000| PB 0x000000009a100000| Complete 
| 418|0x000000009a200000, 0x000000009a300000, 0x000000009a300000|100%| E|CS|TAMS 0x000000009a200000| PB 0x000000009a200000| Complete 
| 419|0x000000009a300000, 0x000000009a400000, 0x000000009a400000|100%| E|CS|TAMS 0x000000009a300000| PB 0x000000009a300000| Complete 
| 420|0x000000009a400000, 0x000000009a500000, 0x000000009a500000|100%| E|CS|TAMS 0x000000009a400000| PB 0x000000009a400000| Complete 
| 421|0x000000009a500000, 0x000000009a600000, 0x000000009a600000|100%| E|CS|TAMS 0x000000009a500000| PB 0x000000009a500000| Complete 
| 422|0x000000009a600000, 0x000000009a700000, 0x000000009a700000|100%| E|CS|TAMS 0x000000009a600000| PB 0x000000009a600000| Complete 
| 423|0x000000009a700000, 0x000000009a800000, 0x000000009a800000|100%| E|CS|TAMS 0x000000009a700000| PB 0x000000009a700000| Complete 
| 424|0x000000009a800000, 0x000000009a900000, 0x000000009a900000|100%| E|CS|TAMS 0x000000009a800000| PB 0x000000009a800000| Complete 
| 425|0x000000009a900000, 0x000000009aa00000, 0x000000009aa00000|100%| E|CS|TAMS 0x000000009a900000| PB 0x000000009a900000| Complete 
| 426|0x000000009aa00000, 0x000000009ab00000, 0x000000009ab00000|100%| E|CS|TAMS 0x000000009aa00000| PB 0x000000009aa00000| Complete 
|2015|0x00000000fdf00000, 0x00000000fe000000, 0x00000000fe000000|100%| E|CS|TAMS 0x00000000fdf00000| PB 0x00000000fdf00000| Complete 
|2016|0x00000000fe000000, 0x00000000fe100000, 0x00000000fe100000|100%| E|CS|TAMS 0x00000000fe000000| PB 0x00000000fe000000| Complete 
|2017|0x00000000fe100000, 0x00000000fe200000, 0x00000000fe200000|100%| O|  |TAMS 0x00000000fe200000| PB 0x00000000fe100000| Updating 
|2018|0x00000000fe200000, 0x00000000fe300000, 0x00000000fe300000|100%| O|  |TAMS 0x00000000fe300000| PB 0x00000000fe200000| Updating 
|2019|0x00000000fe300000, 0x00000000fe400000, 0x00000000fe400000|100%| O|  |TAMS 0x00000000fe400000| PB 0x00000000fe300000| Updating 
|2020|0x00000000fe400000, 0x00000000fe500000, 0x00000000fe500000|100%| O|  |TAMS 0x00000000fe500000| PB 0x00000000fe400000| Updating 
|2021|0x00000000fe500000, 0x00000000fe600000, 0x00000000fe600000|100%| O|  |TAMS 0x00000000fe600000| PB 0x00000000fe500000| Updating 
|2022|0x00000000fe600000, 0x00000000fe700000, 0x00000000fe700000|100%| O|  |TAMS 0x00000000fe700000| PB 0x00000000fe600000| Updating 
|2023|0x00000000fe700000, 0x00000000fe800000, 0x00000000fe800000|100%| O|  |TAMS 0x00000000fe800000| PB 0x00000000fe700000| Updating 
|2024|0x00000000fe800000, 0x00000000fe900000, 0x00000000fe900000|100%| O|  |TAMS 0x00000000fe900000| PB 0x00000000fe800000| Updating 
|2025|0x00000000fe900000, 0x00000000fea00000, 0x00000000fea00000|100%| O|  |TAMS 0x00000000fea00000| PB 0x00000000fe900000| Untracked 
|2026|0x00000000fea00000, 0x00000000feb00000, 0x00000000feb00000|100%| O|  |TAMS 0x00000000feb00000| PB 0x00000000fea00000| Untracked 
|2027|0x00000000feb00000, 0x00000000fec00000, 0x00000000fec00000|100%| E|CS|TAMS 0x00000000feb00000| PB 0x00000000feb00000| Complete 
|2028|0x00000000fec00000, 0x00000000fed00000, 0x00000000fed00000|100%| O|  |TAMS 0x00000000fed00000| PB 0x00000000fec00000| Untracked 
|2029|0x00000000fed00000, 0x00000000fee00000, 0x00000000fee00000|100%| E|CS|TAMS 0x00000000fed00000| PB 0x00000000fed00000| Complete 
|2030|0x00000000fee00000, 0x00000000fef00000, 0x00000000fef00000|100%| O|  |TAMS 0x00000000fef00000| PB 0x00000000fee00000| Untracked 
|2031|0x00000000fef00000, 0x00000000ff000000, 0x00000000ff000000|100%| O|  |TAMS 0x00000000ff000000| PB 0x00000000fef00000| Untracked 
|2032|0x00000000ff000000, 0x00000000ff100000, 0x00000000ff100000|100%| O|  |TAMS 0x00000000ff100000| PB 0x00000000ff000000| Untracked 
|2033|0x00000000ff100000, 0x00000000ff200000, 0x00000000ff200000|100%| E|CS|TAMS 0x00000000ff100000| PB 0x00000000ff100000| Complete 
|2034|0x00000000ff200000, 0x00000000ff300000, 0x00000000ff300000|100%| E|CS|TAMS 0x00000000ff200000| PB 0x00000000ff200000| Complete 
|2035|0x00000000ff300000, 0x00000000ff400000, 0x00000000ff400000|100%| O|  |TAMS 0x00000000ff400000| PB 0x00000000ff300000| Untracked 
|2036|0x00000000ff400000, 0x00000000ff500000, 0x00000000ff500000|100%| E|CS|TAMS 0x00000000ff400000| PB 0x00000000ff400000| Complete 
|2037|0x00000000ff500000, 0x00000000ff600000, 0x00000000ff600000|100%| E|CS|TAMS 0x00000000ff500000| PB 0x00000000ff500000| Complete 
|2038|0x00000000ff600000, 0x00000000ff700000, 0x00000000ff700000|100%| E|CS|TAMS 0x00000000ff600000| PB 0x00000000ff600000| Complete 
|2039|0x00000000ff700000, 0x00000000ff800000, 0x00000000ff800000|100%| E|CS|TAMS 0x00000000ff700000| PB 0x00000000ff700000| Complete 
|2040|0x00000000ff800000, 0x00000000ff900000, 0x00000000ff900000|100%| O|  |TAMS 0x00000000ff900000| PB 0x00000000ff800000| Updating 
|2041|0x00000000ff900000, 0x00000000ffa00000, 0x00000000ffa00000|100%| O|  |TAMS 0x00000000ffa00000| PB 0x00000000ff900000| Updating 
|2042|0x00000000ffa00000, 0x00000000ffb00000, 0x00000000ffb00000|100%| E|CS|TAMS 0x00000000ffa00000| PB 0x00000000ffa00000| Complete 
|2043|0x00000000ffb00000, 0x00000000ffc00000, 0x00000000ffc00000|100%| O|  |TAMS 0x00000000ffc00000| PB 0x00000000ffb00000| Untracked 
|2044|0x00000000ffc00000, 0x00000000ffd00000, 0x00000000ffd00000|100%| O|  |TAMS 0x00000000ffd00000| PB 0x00000000ffc00000| Untracked 
|2045|0x00000000ffd00000, 0x00000000ffe00000, 0x00000000ffe00000|100%| O|  |TAMS 0x00000000ffe00000| PB 0x00000000ffd00000| Untracked 
|2046|0x00000000ffe00000, 0x00000000fff00000, 0x00000000fff00000|100%| O|  |TAMS 0x00000000fff00000| PB 0x00000000ffe00000| Untracked 
|2047|0x00000000fff00000, 0x0000000100000000, 0x0000000100000000|100%| O|  |TAMS 0x0000000100000000| PB 0x00000000fff00000| Untracked 

Card table byte_map: [0x000001a9eb560000,0x000001a9eb960000] _byte_map_base: 0x000001a9eb160000

Marking Bits: (CMBitMap*) 0x000001a9d6fd5f00
 Bits: [0x000001a9eb960000, 0x000001a9ed960000)

Polling page: 0x000001a9d6d00000

Metaspace:

Usage:
  Non-class:    117.21 MB used.
      Class:     19.21 MB used.
       Both:    136.42 MB used.

Virtual space:
  Non-class space:      128.00 MB reserved,     118.44 MB ( 93%) committed,  2 nodes.
      Class space:        1.00 GB reserved,      20.38 MB (  2%) committed,  1 nodes.
             Both:        1.12 GB reserved,     138.81 MB ( 12%) committed. 

Chunk freelists:
   Non-Class:  9.38 MB
       Class:  11.67 MB
        Both:  21.05 MB

MaxMetaspaceSize: unlimited
CompressedClassSpaceSize: 1.00 GB
Initial GC threshold: 21.00 MB
Current GC threshold: 231.25 MB
CDS: off
 - commit_granule_bytes: 65536.
 - commit_granule_words: 8192.
 - virtual_space_node_default_size: 8388608.
 - enlarge_chunks_in_place: 1.
 - use_allocation_guard: 0.


Internal statistics:

num_allocs_failed_limit: 9.
num_arena_births: 4858.
num_arena_deaths: 0.
num_vsnodes_births: 3.
num_vsnodes_deaths: 0.
num_space_committed: 2220.
num_space_uncommitted: 0.
num_chunks_returned_to_freelist: 9.
num_chunks_taken_from_freelist: 11000.
num_chunk_merges: 6.
num_chunk_splits: 7145.
num_chunks_enlarged: 4441.
num_inconsistent_stats: 0.

CodeHeap 'non-profiled nmethods': size=120000Kb used=11867Kb max_used=12315Kb free=108132Kb
 bounds [0x000001a9e31d0000, 0x000001a9e3de0000, 0x000001a9ea700000]
CodeHeap 'profiled nmethods': size=120000Kb used=27901Kb max_used=28865Kb free=92099Kb
 bounds [0x000001a9db700000, 0x000001a9dd340000, 0x000001a9e2c30000]
CodeHeap 'non-nmethods': size=5760Kb used=2086Kb max_used=2150Kb free=3673Kb
 bounds [0x000001a9e2c30000, 0x000001a9e2ea0000, 0x000001a9e31d0000]
CodeCache: size=245760Kb, used=41854Kb, max_used=43330Kb, free=203904Kb
 total_blobs=16638, nmethods=15682, adapters=859, full_count=0
Compilation: enabled, stopped_count=0, restarted_count=0

Compilation events (20 events):
Event: 49.031 Thread 0x000001a9fc5e7d60 19490       4       java.lang.String::hashCode (60 bytes)
Event: 49.032 Thread 0x000001a9fc5e7d60 nmethod 19490 0x000001a9e3dd5490 code [0x000001a9e3dd5660, 0x000001a9e3dd5998]
Event: 49.032 Thread 0x000001a9fc5e7d60 19502       4       org.objectweb.asm.MethodWriter::visitLabel (332 bytes)
Event: 49.052 Thread 0x000001a9fc5e7d60 nmethod 19502 0x000001a9e3dd5a90 code [0x000001a9e3dd5ca0, 0x000001a9e3dd6a90]
Event: 49.052 Thread 0x000001a9fc5e7d60 19501       4       org.objectweb.asm.ClassReader::readMethod (1070 bytes)
Event: 49.182 Thread 0x000001a9f05ac140 19524       2       com.google.common.collect.RegularImmutableList::internalArrayEnd (6 bytes)
Event: 49.182 Thread 0x000001a9f05ac140 nmethod 19524 0x000001a9dd32d690 code [0x000001a9dd32d820, 0x000001a9dd32d930]
Event: 49.198 Thread 0x000001a9f05ac140 19526       2       org.gradle.internal.tools.api.impl.ApiMemberSelector::visitAnnotation (33 bytes)
Event: 49.199 Thread 0x000001a9f05ac140 nmethod 19526 0x000001a9dd32da10 code [0x000001a9dd32dc20, 0x000001a9dd32e280]
Event: 49.298 Thread 0x000001a9f05ac140 19534       2       org.objectweb.asm.MethodWriter::visitAnnotableParameterCount (18 bytes)
Event: 49.299 Thread 0x000001a9f05ac140 nmethod 19534 0x000001a9dd32e590 code [0x000001a9dd32e740, 0x000001a9dd32e880]
Event: 49.467 Thread 0x000001a9f05ac140 19542       2       com.google.common.collect.RegularImmutableSortedSet::internalArrayStart (8 bytes)
Event: 49.468 Thread 0x000001a9f05ac140 nmethod 19542 0x000001a9dd32e910 code [0x000001a9dd32eac0, 0x000001a9dd32ebf8]
Event: 49.468 Thread 0x000001a9f05ac140 19543       2       com.google.common.collect.RegularImmutableSortedSet::internalArrayEnd (8 bytes)
Event: 49.468 Thread 0x000001a9f05ac140 nmethod 19543 0x000001a9dd32ec90 code [0x000001a9dd32ee40, 0x000001a9dd32ef78]
Event: 49.480 Thread 0x000001a9f05ac140 19545 %     2       java.util.LinkedList::toArray @ 37 (81 bytes)
Event: 49.480 Thread 0x000001a9f05ac140 nmethod 19545% 0x000001a9dd32f010 code [0x000001a9dd32f200, 0x000001a9dd32f668]
Event: 49.500 Thread 0x000001a9f05ac140 19546       2       org.objectweb.asm.ClassReader::readLong (29 bytes)
Event: 49.500 Thread 0x000001a9f05ac140 nmethod 19546 0x000001a9dd32f910 code [0x000001a9dd32fac0, 0x000001a9dd32fc58]
Event: 49.500 Thread 0x000001a9f05ac140 19547       2       org.objectweb.asm.SymbolTable::addConstantLongOrDouble (109 bytes)

GC Heap History (20 events):
Event: 31.169 GC heap before
{Heap before GC invocations=68 (full 0):
 garbage-first heap   total 359424K, used 190767K [0x0000000080000000, 0x0000000100000000)
  region size 1024K, 26 young (26624K), 21 survivors (21504K)
 Metaspace       used 128738K, committed 131200K, reserved 1179648K
  class space    used 18014K, committed 19200K, reserved 1048576K
}
Event: 31.188 GC heap after
{Heap after GC invocations=69 (full 0):
 garbage-first heap   total 359424K, used 191252K [0x0000000080000000, 0x0000000100000000)
  region size 1024K, 4 young (4096K), 4 survivors (4096K)
 Metaspace       used 128738K, committed 131200K, reserved 1179648K
  class space    used 18014K, committed 19200K, reserved 1048576K
}
Event: 32.525 GC heap before
{Heap before GC invocations=70 (full 0):
 garbage-first heap   total 359424K, used 303892K [0x0000000080000000, 0x0000000100000000)
  region size 1024K, 114 young (116736K), 4 survivors (4096K)
 Metaspace       used 131775K, committed 134208K, reserved 1179648K
  class space    used 18622K, committed 19776K, reserved 1048576K
}
Event: 32.571 GC heap after
{Heap after GC invocations=71 (full 0):
 garbage-first heap   total 359424K, used 239616K [0x0000000080000000, 0x0000000100000000)
  region size 1024K, 15 young (15360K), 15 survivors (15360K)
 Metaspace       used 131775K, committed 134208K, reserved 1179648K
  class space    used 18622K, committed 19776K, reserved 1048576K
}
Event: 33.513 GC heap before
{Heap before GC invocations=71 (full 0):
 garbage-first heap   total 359424K, used 306176K [0x0000000080000000, 0x0000000100000000)
  region size 1024K, 79 young (80896K), 15 survivors (15360K)
 Metaspace       used 133712K, committed 136064K, reserved 1179648K
  class space    used 18890K, committed 20032K, reserved 1048576K
}
Event: 33.552 GC heap after
{Heap after GC invocations=72 (full 0):
 garbage-first heap   total 359424K, used 263680K [0x0000000080000000, 0x0000000100000000)
  region size 1024K, 10 young (10240K), 10 survivors (10240K)
 Metaspace       used 133712K, committed 136064K, reserved 1179648K
  class space    used 18890K, committed 20032K, reserved 1048576K
}
Event: 34.631 GC heap before
{Heap before GC invocations=72 (full 0):
 garbage-first heap   total 359424K, used 312832K [0x0000000080000000, 0x0000000100000000)
  region size 1024K, 59 young (60416K), 10 survivors (10240K)
 Metaspace       used 136531K, committed 139008K, reserved 1179648K
  class space    used 19294K, committed 20480K, reserved 1048576K
}
Event: 34.641 GC heap after
{Heap after GC invocations=73 (full 0):
 garbage-first heap   total 359424K, used 270597K [0x0000000080000000, 0x0000000100000000)
  region size 1024K, 5 young (5120K), 5 survivors (5120K)
 Metaspace       used 136531K, committed 139008K, reserved 1179648K
  class space    used 19294K, committed 20480K, reserved 1048576K
}
Event: 35.440 GC heap before
{Heap before GC invocations=74 (full 0):
 garbage-first heap   total 429056K, used 306437K [0x0000000080000000, 0x0000000100000000)
  region size 1024K, 55 young (56320K), 5 survivors (5120K)
 Metaspace       used 137375K, committed 139776K, reserved 1179648K
  class space    used 19405K, committed 20544K, reserved 1048576K
}
Event: 35.449 GC heap after
{Heap after GC invocations=75 (full 0):
 garbage-first heap   total 429056K, used 260824K [0x0000000080000000, 0x0000000100000000)
  region size 1024K, 7 young (7168K), 7 survivors (7168K)
 Metaspace       used 137375K, committed 139776K, reserved 1179648K
  class space    used 19405K, committed 20544K, reserved 1048576K
}
Event: 38.075 GC heap before
{Heap before GC invocations=75 (full 0):
 garbage-first heap   total 429056K, used 383704K [0x0000000080000000, 0x0000000100000000)
  region size 1024K, 112 young (114688K), 7 survivors (7168K)
 Metaspace       used 137842K, committed 140224K, reserved 1179648K
  class space    used 19452K, committed 20608K, reserved 1048576K
}
Event: 38.094 GC heap after
{Heap after GC invocations=76 (full 0):
 garbage-first heap   total 429056K, used 278784K [0x0000000080000000, 0x0000000100000000)
  region size 1024K, 14 young (14336K), 14 survivors (14336K)
 Metaspace       used 137842K, committed 140224K, reserved 1179648K
  class space    used 19452K, committed 20608K, reserved 1048576K
}
Event: 38.271 GC heap before
{Heap before GC invocations=76 (full 0):
 garbage-first heap   total 429056K, used 286976K [0x0000000080000000, 0x0000000100000000)
  region size 1024K, 24 young (24576K), 14 survivors (14336K)
 Metaspace       used 138032K, committed 140480K, reserved 1179648K
  class space    used 19475K, committed 20672K, reserved 1048576K
}
Event: 38.284 GC heap after
{Heap after GC invocations=77 (full 0):
 garbage-first heap   total 429056K, used 279855K [0x0000000080000000, 0x0000000100000000)
  region size 1024K, 9 young (9216K), 9 survivors (9216K)
 Metaspace       used 138032K, committed 140480K, reserved 1179648K
  class space    used 19475K, committed 20672K, reserved 1048576K
}
Event: 39.538 GC heap before
{Heap before GC invocations=78 (full 0):
 garbage-first heap   total 471040K, used 409903K [0x0000000080000000, 0x0000000100000000)
  region size 1024K, 113 young (115712K), 9 survivors (9216K)
 Metaspace       used 139100K, committed 141504K, reserved 1179648K
  class space    used 19603K, committed 20736K, reserved 1048576K
}
Event: 39.559 GC heap after
{Heap after GC invocations=79 (full 0):
 garbage-first heap   total 471040K, used 316545K [0x0000000080000000, 0x0000000100000000)
  region size 1024K, 15 young (15360K), 15 survivors (15360K)
 Metaspace       used 139100K, committed 141504K, reserved 1179648K
  class space    used 19603K, committed 20736K, reserved 1048576K
}
Event: 48.884 GC heap before
{Heap before GC invocations=79 (full 0):
 garbage-first heap   total 471040K, used 445569K [0x0000000080000000, 0x0000000100000000)
  region size 1024K, 119 young (121856K), 15 survivors (15360K)
 Metaspace       used 139668K, committed 142080K, reserved 1179648K
  class space    used 19665K, committed 20864K, reserved 1048576K
}
Event: 48.904 GC heap after
{Heap after GC invocations=80 (full 0):
 garbage-first heap   total 471040K, used 315246K [0x0000000080000000, 0x0000000100000000)
  region size 1024K, 3 young (3072K), 3 survivors (3072K)
 Metaspace       used 139668K, committed 142080K, reserved 1179648K
  class space    used 19665K, committed 20864K, reserved 1048576K
}
Event: 49.350 GC heap before
{Heap before GC invocations=80 (full 0):
 garbage-first heap   total 471040K, used 429934K [0x0000000080000000, 0x0000000100000000)
  region size 1024K, 115 young (117760K), 3 survivors (3072K)
 Metaspace       used 139674K, committed 142080K, reserved 1179648K
  class space    used 19665K, committed 20864K, reserved 1048576K
}
Event: 49.353 GC heap after
{Heap after GC invocations=81 (full 0):
 garbage-first heap   total 471040K, used 315111K [0x0000000080000000, 0x0000000100000000)
  region size 1024K, 3 young (3072K), 3 survivors (3072K)
 Metaspace       used 139674K, committed 142080K, reserved 1179648K
  class space    used 19665K, committed 20864K, reserved 1048576K
}

Dll operation events (3 events):
Event: 0.009 Loaded shared library C:\Program Files\Android\Android Studio\jbr\bin\java.dll
Event: 0.017 Loaded shared library C:\Program Files\Android\Android Studio\jbr\bin\zip.dll
Event: 1.023 Loaded shared library C:\Program Files\Android\Android Studio\jbr\bin\verify.dll

Deoptimization events (20 events):
Event: 48.989 Thread 0x000001a9fb9b0470 Uncommon trap: trap_request=0xffffffde fr.pc=0x000001a9e3c6319c relative=0x00000000000003dc
Event: 48.989 Thread 0x000001a9fb9b0470 Uncommon trap: reason=class_check action=maybe_recompile pc=0x000001a9e3c6319c method=java.util.LinkedList.toArray([Ljava/lang/Object;)[Ljava/lang/Object; @ 23 c2
Event: 48.989 Thread 0x000001a9fb9b0470 DEOPT PACKING pc=0x000001a9e3c6319c sp=0x00000014bdafb9e0
Event: 48.989 Thread 0x000001a9fb9b0470 DEOPT UNPACKING pc=0x000001a9e2c843a2 sp=0x00000014bdafb998 mode 2
Event: 48.990 Thread 0x000001a9fb9b0470 Uncommon trap: trap_request=0xffffff45 fr.pc=0x000001a9e3dc9204 relative=0x00000000000000e4
Event: 48.990 Thread 0x000001a9fb9b0470 Uncommon trap: reason=unstable_if action=reinterpret pc=0x000001a9e3dc9204 method=org.objectweb.asm.AnnotationWriter.visitEnd()V @ 5 c2
Event: 48.990 Thread 0x000001a9fb9b0470 DEOPT PACKING pc=0x000001a9e3dc9204 sp=0x00000014bdafb900
Event: 48.990 Thread 0x000001a9fb9b0470 DEOPT UNPACKING pc=0x000001a9e2c843a2 sp=0x00000014bdafb8a0 mode 2
Event: 48.990 Thread 0x000001a9fb9b0470 Uncommon trap: trap_request=0xffffff45 fr.pc=0x000001a9e3dcde20 relative=0x00000000000006e0
Event: 48.990 Thread 0x000001a9fb9b0470 Uncommon trap: reason=unstable_if action=reinterpret pc=0x000001a9e3dcde20 method=org.objectweb.asm.MethodWriter.computeMethodInfoSize()I @ 490 c2
Event: 48.990 Thread 0x000001a9fb9b0470 DEOPT PACKING pc=0x000001a9e3dcde20 sp=0x00000014bdafbee0
Event: 48.990 Thread 0x000001a9fb9b0470 DEOPT UNPACKING pc=0x000001a9e2c843a2 sp=0x00000014bdafbe78 mode 2
Event: 48.990 Thread 0x000001a9fb9b0470 Uncommon trap: trap_request=0xffffff45 fr.pc=0x000001a9e3dbab20 relative=0x0000000000001ee0
Event: 48.990 Thread 0x000001a9fb9b0470 Uncommon trap: reason=unstable_if action=reinterpret pc=0x000001a9e3dbab20 method=org.objectweb.asm.MethodWriter.putMethodInfo(Lorg/objectweb/asm/ByteVector;)V @ 220 c2
Event: 48.990 Thread 0x000001a9fb9b0470 DEOPT PACKING pc=0x000001a9e3dbab20 sp=0x00000014bdafbea0
Event: 48.990 Thread 0x000001a9fb9b0470 DEOPT UNPACKING pc=0x000001a9e2c843a2 sp=0x00000014bdafbe48 mode 2
Event: 49.031 Thread 0x000001a9fb9b0470 Uncommon trap: trap_request=0xffffff76 fr.pc=0x000001a9e3dd5198 relative=0x00000000000003d8
Event: 49.031 Thread 0x000001a9fb9b0470 Uncommon trap: reason=predicate action=maybe_recompile pc=0x000001a9e3dd5198 method=java.util.LinkedList.toArray([Ljava/lang/Object;)[Ljava/lang/Object; @ 39 c2
Event: 49.031 Thread 0x000001a9fb9b0470 DEOPT PACKING pc=0x000001a9e3dd5198 sp=0x00000014bdafb920
Event: 49.031 Thread 0x000001a9fb9b0470 DEOPT UNPACKING pc=0x000001a9e2c843a2 sp=0x00000014bdafb8d8 mode 2

Classes loaded (20 events):
Event: 34.050 Loading class java/util/IdentityHashMap$ValueIterator
Event: 34.050 Loading class java/util/IdentityHashMap$ValueIterator done
Event: 38.419 Loading class java/nio/ByteBufferAsShortBufferL
Event: 38.432 Loading class java/nio/ByteBufferAsShortBufferL done
Event: 38.821 Loading class java/util/zip/Adler32
Event: 38.822 Loading class java/util/zip/Adler32 done
Event: 38.852 Loading class java/nio/file/Files$2
Event: 38.852 Loading class java/nio/file/Files$2 done
Event: 38.939 Loading class java/nio/file/FileChannelLinesSpliterator
Event: 38.940 Loading class java/nio/file/FileChannelLinesSpliterator done
Event: 38.940 Loading class java/util/stream/Streams$1
Event: 38.941 Loading class java/util/stream/Streams$1 done
Event: 38.966 Loading class java/nio/file/FileChannelLinesSpliterator$1
Event: 38.967 Loading class java/nio/file/FileChannelLinesSpliterator$1 done
Event: 38.971 Loading class java/io/FileReader
Event: 38.971 Loading class java/io/FileReader done
Event: 39.189 Loading class sun/nio/fs/WindowsUriSupport
Event: 39.190 Loading class sun/nio/fs/WindowsUriSupport done
Event: 47.690 Loading class java/util/zip/ZipFile$ZipEntryIterator
Event: 47.690 Loading class java/util/zip/ZipFile$ZipEntryIterator done

Classes unloaded (0 events):
No events

Classes redefined (0 events):
No events

Internal exceptions (20 events):
Event: 47.448 Thread 0x000001a9fcb3bc90 Exception <a 'sun/nio/fs/WindowsException'{0x00000000974d4420}> (0x00000000974d4420) 
thrown [s\src\hotspot\share\prims\jni.cpp, line 537]
Event: 47.458 Thread 0x000001a9fcb3bc90 Exception <a 'sun/nio/fs/WindowsException'{0x00000000974e0298}> (0x00000000974e0298) 
thrown [s\src\hotspot\share\prims\jni.cpp, line 537]
Event: 47.460 Thread 0x000001a9fcb3bc90 Exception <a 'sun/nio/fs/WindowsException'{0x00000000974e7338}> (0x00000000974e7338) 
thrown [s\src\hotspot\share\prims\jni.cpp, line 537]
Event: 47.461 Thread 0x000001a9fcb3bc90 Exception <a 'sun/nio/fs/WindowsException'{0x00000000974f1610}> (0x00000000974f1610) 
thrown [s\src\hotspot\share\prims\jni.cpp, line 537]
Event: 47.463 Thread 0x000001a9fcb3bc90 Exception <a 'sun/nio/fs/WindowsException'{0x00000000974fc6f8}> (0x00000000974fc6f8) 
thrown [s\src\hotspot\share\prims\jni.cpp, line 537]
Event: 47.568 Thread 0x000001a9f8fa5a80 Exception <a 'sun/nio/fs/WindowsException'{0x000000009701fad8}> (0x000000009701fad8) 
thrown [s\src\hotspot\share\prims\jni.cpp, line 537]
Event: 47.569 Thread 0x000001a9f8fa5a80 Exception <a 'sun/nio/fs/WindowsException'{0x000000009703b488}> (0x000000009703b488) 
thrown [s\src\hotspot\share\prims\jni.cpp, line 537]
Event: 47.572 Thread 0x000001a9f8fa5a80 Exception <a 'sun/nio/fs/WindowsException'{0x000000009704a800}> (0x000000009704a800) 
thrown [s\src\hotspot\share\prims\jni.cpp, line 537]
Event: 47.574 Thread 0x000001a9f8fa5a80 Exception <a 'sun/nio/fs/WindowsException'{0x0000000097052928}> (0x0000000097052928) 
thrown [s\src\hotspot\share\prims\jni.cpp, line 537]
Event: 47.612 Thread 0x000001a9fb9b0470 Exception <a 'sun/nio/fs/WindowsException'{0x0000000097087318}> (0x0000000097087318) 
thrown [s\src\hotspot\share\prims\jni.cpp, line 537]
Event: 47.612 Thread 0x000001a9fb9b0470 Exception <a 'sun/nio/fs/WindowsException'{0x0000000097087f40}> (0x0000000097087f40) 
thrown [s\src\hotspot\share\prims\jni.cpp, line 537]
Event: 47.612 Thread 0x000001a9fb9b0470 Exception <a 'sun/nio/fs/WindowsException'{0x000000009708a928}> (0x000000009708a928) 
thrown [s\src\hotspot\share\prims\jni.cpp, line 537]
Event: 47.612 Thread 0x000001a9fb9b0470 Exception <a 'sun/nio/fs/WindowsException'{0x000000009708b508}> (0x000000009708b508) 
thrown [s\src\hotspot\share\prims\jni.cpp, line 537]
Event: 47.612 Thread 0x000001a9fb9b0470 Exception <a 'sun/nio/fs/WindowsException'{0x000000009708dd48}> (0x000000009708dd48) 
thrown [s\src\hotspot\share\prims\jni.cpp, line 537]
Event: 47.612 Thread 0x000001a9fb9b0470 Exception <a 'sun/nio/fs/WindowsException'{0x000000009708e970}> (0x000000009708e970) 
thrown [s\src\hotspot\share\prims\jni.cpp, line 537]
Event: 47.679 Thread 0x000001a9fb9b0470 Exception <a 'java/lang/NoSuchMethodError'{0x00000000970b6690}: static Ljava/lang/Object;.<clinit>()V> (0x00000000970b6690) 
thrown [s\src\hotspot\share\prims\jni.cpp, line 1144]
Event: 47.692 Thread 0x000001a9fb9b0470 Implicit null exception at 0x000001a9e32db8eb to 0x000001a9e32dc454
Event: 47.712 Thread 0x000001a9fb9b0470 Implicit null exception at 0x000001a9e33d29b3 to 0x000001a9e33d3960
Event: 47.712 Thread 0x000001a9fb9b0470 Implicit null exception at 0x000001a9e37fbbfb to 0x000001a9e37fc09c
Event: 47.719 Thread 0x000001a9fb9b0470 Implicit null exception at 0x000001a9e36e1f47 to 0x000001a9e36e224c

ZGC Phase Switch (0 events):
No events

VM Operations (20 events):
Event: 39.635 Executing VM operation: HandshakeAllThreads (Deoptimize) done
Event: 40.595 Executing VM operation: ICBufferFull
Event: 40.595 Executing VM operation: ICBufferFull done
Event: 42.596 Executing VM operation: Cleanup
Event: 42.596 Executing VM operation: Cleanup done
Event: 46.598 Executing VM operation: Cleanup
Event: 46.598 Executing VM operation: Cleanup done
Event: 47.599 Executing VM operation: Cleanup
Event: 47.599 Executing VM operation: Cleanup done
Event: 47.704 Executing VM operation: HandshakeAllThreads (Deoptimize)
Event: 47.704 Executing VM operation: HandshakeAllThreads (Deoptimize) done
Event: 47.708 Executing VM operation: HandshakeAllThreads (Deoptimize)
Event: 47.709 Executing VM operation: HandshakeAllThreads (Deoptimize) done
Event: 48.709 Executing VM operation: Cleanup
Event: 48.832 Executing VM operation: Cleanup done
Event: 48.884 Executing VM operation: G1CollectForAllocation (G1 Evacuation Pause)
Event: 48.904 Executing VM operation: G1CollectForAllocation (G1 Evacuation Pause) done
Event: 49.350 Executing VM operation: G1CollectForAllocation (G1 Evacuation Pause)
Event: 49.353 Executing VM operation: G1CollectForAllocation (G1 Evacuation Pause) done
Event: 49.535 Executing VM operation: G1PauseRemark

Memory protections (0 events):
No events

Nmethod flushes (20 events):
Event: 38.657 Thread 0x000001a9f048e2b0 flushing  nmethod 0x000001a9dcf50310
Event: 38.657 Thread 0x000001a9f048e2b0 flushing  nmethod 0x000001a9dcf51b90
Event: 38.657 Thread 0x000001a9f048e2b0 flushing  nmethod 0x000001a9dcf52510
Event: 38.657 Thread 0x000001a9f048e2b0 flushing  nmethod 0x000001a9dcf53110
Event: 38.657 Thread 0x000001a9f048e2b0 flushing  nmethod 0x000001a9dcf53510
Event: 38.657 Thread 0x000001a9f048e2b0 flushing  nmethod 0x000001a9dcf53a10
Event: 38.657 Thread 0x000001a9f048e2b0 flushing  nmethod 0x000001a9dcf54110
Event: 38.657 Thread 0x000001a9f048e2b0 flushing  nmethod 0x000001a9dcf54d10
Event: 38.657 Thread 0x000001a9f048e2b0 flushing  nmethod 0x000001a9dcf55590
Event: 38.657 Thread 0x000001a9f048e2b0 flushing  nmethod 0x000001a9dcf56710
Event: 38.657 Thread 0x000001a9f048e2b0 flushing  nmethod 0x000001a9dcf57110
Event: 38.657 Thread 0x000001a9f048e2b0 flushing  nmethod 0x000001a9dcf57510
Event: 38.657 Thread 0x000001a9f048e2b0 flushing  nmethod 0x000001a9dcf57890
Event: 38.657 Thread 0x000001a9f048e2b0 flushing  nmethod 0x000001a9dcfa3790
Event: 38.657 Thread 0x000001a9f048e2b0 flushing  nmethod 0x000001a9dcfa4e90
Event: 38.657 Thread 0x000001a9f048e2b0 flushing  nmethod 0x000001a9dcfa5590
Event: 38.657 Thread 0x000001a9f048e2b0 flushing  nmethod 0x000001a9dcfa5f10
Event: 38.657 Thread 0x000001a9f048e2b0 flushing  nmethod 0x000001a9dcfa6790
Event: 38.657 Thread 0x000001a9f048e2b0 flushing  nmethod 0x000001a9dcfa7810
Event: 38.657 Thread 0x000001a9f048e2b0 flushing  nmethod 0x000001a9dcfa8710

Events (20 events):
Event: 31.568 Thread 0x000001a9f90cee90 Thread added: 0x000001a9f9518700
Event: 31.569 Thread 0x000001a9f9518700 Thread added: 0x000001a9fba65920
Event: 31.569 Thread 0x000001a9fba65920 Thread added: 0x000001a9fba66cd0
Event: 31.570 Thread 0x000001a9fba66cd0 Thread added: 0x000001a9fcb3d6d0
Event: 31.571 Thread 0x000001a9fcb3d6d0 Thread added: 0x000001a9f9515280
Event: 31.571 Thread 0x000001a9f9515280 Thread added: 0x000001a9fba679f0
Event: 31.572 Thread 0x000001a9fba679f0 Thread added: 0x000001a9fcb3c320
Event: 31.572 Thread 0x000001a9fcb3c320 Thread added: 0x000001a9fb99d660
Event: 31.943 Thread 0x000001a9f67d9c00 Thread exited: 0x000001a9f67d9c00
Event: 31.943 Thread 0x000001a9f67da9a0 Thread exited: 0x000001a9f67da9a0
Event: 32.005 Thread 0x000001a9f05ac140 Thread added: 0x000001a9f5159d00
Event: 32.095 Thread 0x000001a9f05ac140 Thread added: 0x000001a9f67d9c00
Event: 33.751 Thread 0x000001a9f67d9c00 Thread exited: 0x000001a9f67d9c00
Event: 33.815 Thread 0x000001a9f05ac140 Thread added: 0x000001a9fb9c9a40
Event: 37.518 Thread 0x000001a9fb9c9a40 Thread exited: 0x000001a9fb9c9a40
Event: 37.674 Thread 0x000001a9f05ac140 Thread added: 0x000001a9fb9c4880
Event: 43.361 Thread 0x000001a9f5159d00 Thread exited: 0x000001a9f5159d00
Event: 43.361 Thread 0x000001a9fb9c4880 Thread exited: 0x000001a9fb9c4880
Event: 47.536 Thread 0x000001a9f05ac140 Thread added: 0x000001a9fc5e7d60
Event: 47.747 Thread 0x000001a9f05ac140 Thread added: 0x000001a9fc5e6fc0


Dynamic libraries:
0x00007ff6de250000 - 0x00007ff6de25a000 	C:\Program Files\Android\Android Studio\jbr\bin\java.exe
0x00007ffa27260000 - 0x00007ffa274c7000 	C:\Windows\SYSTEM32\ntdll.dll
0x00007ffa25740000 - 0x00007ffa25809000 	C:\Windows\System32\KERNEL32.DLL
0x00007ffa24040000 - 0x00007ffa24431000 	C:\Windows\System32\KERNELBASE.dll
0x00007ffa23d70000 - 0x00007ffa23ebb000 	C:\Windows\System32\ucrtbase.dll
0x00007ffa1f3b0000 - 0x00007ffa1f3cb000 	C:\Program Files\Android\Android Studio\jbr\bin\VCRUNTIME140.dll
0x00007ffa19fc0000 - 0x00007ffa19fd8000 	C:\Program Files\Android\Android Studio\jbr\bin\jli.dll
0x00007ffa26850000 - 0x00007ffa26a15000 	C:\Windows\System32\USER32.dll
0x00007ffa23c80000 - 0x00007ffa23ca7000 	C:\Windows\System32\win32u.dll
0x00007ffa15270000 - 0x00007ffa15503000 	C:\Windows\WinSxS\amd64_microsoft.windows.common-controls_6595b64144ccf1df_6.0.26100.7922_none_3e089e1ee3342171\COMCTL32.dll
0x00007ffa26cb0000 - 0x00007ffa26d59000 	C:\Windows\System32\msvcrt.dll
0x00007ffa26300000 - 0x00007ffa2632b000 	C:\Windows\System32\GDI32.dll
0x00007ffa24d60000 - 0x00007ffa24e8a000 	C:\Windows\System32\gdi32full.dll
0x00007ffa24440000 - 0x00007ffa244e3000 	C:\Windows\System32\msvcp_win.dll
0x00007ffa25460000 - 0x00007ffa25491000 	C:\Windows\System32\IMM32.DLL
0x00007ffa1f3a0000 - 0x00007ffa1f3ac000 	C:\Program Files\Android\Android Studio\jbr\bin\vcruntime140_1.dll
0x00007ff9b7940000 - 0x00007ff9b79cd000 	C:\Program Files\Android\Android Studio\jbr\bin\msvcp140.dll
0x00007ff9a9580000 - 0x00007ff9aa216000 	C:\Program Files\Android\Android Studio\jbr\bin\server\jvm.dll
0x00007ffa25520000 - 0x00007ffa255db000 	C:\Windows\System32\ADVAPI32.dll
0x00007ffa26c00000 - 0x00007ffa26ca7000 	C:\Windows\System32\sechost.dll
0x00007ffa25340000 - 0x00007ffa25458000 	C:\Windows\System32\RPCRT4.dll
0x00007ffa255e0000 - 0x00007ffa25654000 	C:\Windows\System32\WS2_32.dll
0x00007ffa239a0000 - 0x00007ffa239fe000 	C:\Windows\SYSTEM32\POWRPROF.dll
0x00007ffa1c6c0000 - 0x00007ffa1c6f5000 	C:\Windows\SYSTEM32\WINMM.dll
0x00007ffa1c700000 - 0x00007ffa1c70b000 	C:\Windows\SYSTEM32\VERSION.dll
0x00007ffa23980000 - 0x00007ffa23994000 	C:\Windows\SYSTEM32\UMPDC.dll
0x00007ffa228d0000 - 0x00007ffa228eb000 	C:\Windows\SYSTEM32\kernel.appcore.dll
0x00007ffa1ef20000 - 0x00007ffa1ef2a000 	C:\Program Files\Android\Android Studio\jbr\bin\jimage.dll
0x00007ffa18890000 - 0x00007ffa18ad2000 	C:\Windows\SYSTEM32\DBGHELP.DLL
0x00007ffa26e90000 - 0x00007ffa27212000 	C:\Windows\System32\combase.dll
0x00007ffa25660000 - 0x00007ffa25737000 	C:\Windows\System32\OLEAUT32.dll
0x00007ff9ff280000 - 0x00007ff9ff2bb000 	C:\Windows\SYSTEM32\dbgcore.DLL
0x00007ffa23bd0000 - 0x00007ffa23c75000 	C:\Windows\System32\bcryptPrimitives.dll
0x00007ffa19fb0000 - 0x00007ffa19fbe000 	C:\Program Files\Android\Android Studio\jbr\bin\instrument.dll
0x00007ffa1a140000 - 0x00007ffa1a160000 	C:\Program Files\Android\Android Studio\jbr\bin\java.dll
0x00007ffa19f80000 - 0x00007ffa19f98000 	C:\Program Files\Android\Android Studio\jbr\bin\zip.dll
0x00007ffa25a00000 - 0x00007ffa2615f000 	C:\Windows\System32\SHELL32.dll
0x00007ffa24e90000 - 0x00007ffa24ffa000 	C:\Windows\System32\wintypes.dll
0x00007ffa244f0000 - 0x00007ffa24d54000 	C:\Windows\System32\windows.storage.dll
0x00007ffa251e0000 - 0x00007ffa252d7000 	C:\Windows\System32\SHCORE.dll
0x00007ffa26d60000 - 0x00007ffa26dc7000 	C:\Windows\System32\shlwapi.dll
0x00007ffa23a60000 - 0x00007ffa23a89000 	C:\Windows\SYSTEM32\profapi.dll
0x00007ffa1d9b0000 - 0x00007ffa1d9c0000 	C:\Program Files\Android\Android Studio\jbr\bin\net.dll
0x00007ffa1a8a0000 - 0x00007ffa1a9c7000 	C:\Windows\SYSTEM32\WINHTTP.dll
0x00007ffa22e40000 - 0x00007ffa22eab000 	C:\Windows\system32\mswsock.dll
0x00007ffa19f60000 - 0x00007ffa19f76000 	C:\Program Files\Android\Android Studio\jbr\bin\nio.dll
0x00007ffa19c90000 - 0x00007ffa19ca0000 	C:\Program Files\Android\Android Studio\jbr\bin\verify.dll
0x00007ffa03210000 - 0x00007ffa03237000 	C:\Users\incdm\.gradle\native\660c5614fbf4a5f2a75b1949f50a0caf5cd603558e7d8a26e50b933a0cfb79d1\windows-amd64\native-platform.dll
0x00007ffa01330000 - 0x00007ffa013a7000 	C:\Users\incdm\.gradle\native\0.2.8\x86_64-windows-gnu\gradle-fileevents.dll
0x00007ffa19f40000 - 0x00007ffa19f49000 	C:\Program Files\Android\Android Studio\jbr\bin\management.dll
0x00007ffa19f20000 - 0x00007ffa19f2b000 	C:\Program Files\Android\Android Studio\jbr\bin\management_ext.dll
0x00007ffa26330000 - 0x00007ffa26338000 	C:\Windows\System32\PSAPI.DLL
0x00007ffa222b0000 - 0x00007ffa222e3000 	C:\Windows\SYSTEM32\IPHLPAPI.DLL
0x00007ffa251c0000 - 0x00007ffa251ca000 	C:\Windows\System32\NSI.dll
0x00007ffa19f50000 - 0x00007ffa19f59000 	C:\Program Files\Android\Android Studio\jbr\bin\extnet.dll
0x00007ffa23130000 - 0x00007ffa2314b000 	C:\Windows\SYSTEM32\CRYPTSP.dll
0x00007ffa22830000 - 0x00007ffa22869000 	C:\Windows\system32\rsaenh.dll
0x00007ffa22ef0000 - 0x00007ffa22f22000 	C:\Windows\SYSTEM32\USERENV.dll
0x00007ffa23a30000 - 0x00007ffa23a5a000 	C:\Windows\SYSTEM32\bcrypt.dll
0x00007ffa23120000 - 0x00007ffa2312c000 	C:\Windows\SYSTEM32\CRYPTBASE.dll
0x00007ff9ea730000 - 0x00007ff9ea738000 	C:\Windows\system32\wshunix.dll
0x00007ffa19fa0000 - 0x00007ffa19fa7000 	C:\Program Files\Android\Android Studio\jbr\bin\rmi.dll

JVMTI agents:
C:\Users\incdm\.gradle\wrapper\dists\gradle-9.2.1-bin\2t0n5ozlw9xmuyvbp7dnzaxug\gradle-9.2.1\lib\agents\gradle-instrumentation-agent-9.2.1.jar path:C:\Program Files\Android\Android Studio\jbr\bin\instrument.dll, loaded, initialized, instrumentlib options:none

dbghelp: loaded successfully - version: 4.0.5 - missing functions: none
symbol engine: initialized successfully - sym options: 0x614 - pdb path: .;C:\Program Files\Android\Android Studio\jbr\bin;C:\Windows\SYSTEM32;C:\Windows\WinSxS\amd64_microsoft.windows.common-controls_6595b64144ccf1df_6.0.26100.7922_none_3e089e1ee3342171;C:\Program Files\Android\Android Studio\jbr\bin\server;C:\Users\incdm\.gradle\native\660c5614fbf4a5f2a75b1949f50a0caf5cd603558e7d8a26e50b933a0cfb79d1\windows-amd64;C:\Users\incdm\.gradle\native\0.2.8\x86_64-windows-gnu

VM Arguments:
jvm_args: --add-opens=java.base/java.lang=ALL-UNNAMED --add-opens=java.base/java.lang.invoke=ALL-UNNAMED --add-opens=java.base/java.util=ALL-UNNAMED --add-opens=java.prefs/java.util.prefs=ALL-UNNAMED --add-exports=jdk.compiler/com.sun.tools.javac.api=ALL-UNNAMED --add-exports=jdk.compiler/com.sun.tools.javac.util=ALL-UNNAMED --add-opens=java.base/java.util=ALL-UNNAMED --add-opens=java.prefs/java.util.prefs=ALL-UNNAMED --add-opens=java.base/java.nio.charset=ALL-UNNAMED --add-opens=java.base/java.net=ALL-UNNAMED --add-opens=java.base/java.util.concurrent=ALL-UNNAMED --add-opens=java.base/java.util.concurrent.atomic=ALL-UNNAMED --add-opens=java.xml/javax.xml.namespace=ALL-UNNAMED --add-opens=java.base/java.time=ALL-UNNAMED -Xmx2048m -Dfile.encoding=UTF-8 -Duser.country=US -Duser.language=en -Duser.variant -javaagent:C:\Users\incdm\.gradle\wrapper\dists\gradle-9.2.1-bin\2t0n5ozlw9xmuyvbp7dnzaxug\gradle-9.2.1\lib\agents\gradle-instrumentation-agent-9.2.1.jar 
java_command: org.gradle.launcher.daemon.bootstrap.GradleDaemon 9.2.1
java_class_path (initial): C:\Users\incdm\.gradle\wrapper\dists\gradle-9.2.1-bin\2t0n5ozlw9xmuyvbp7dnzaxug\gradle-9.2.1\lib\gradle-daemon-main-9.2.1.jar
Launcher Type: SUN_STANDARD

[Global flags]
     intx CICompilerCount                          = 4                                         {product} {ergonomic}
     uint ConcGCThreads                            = 2                                         {product} {ergonomic}
     uint G1ConcRefinementThreads                  = 8                                         {product} {ergonomic}
   size_t G1HeapRegionSize                         = 1048576                                   {product} {ergonomic}
    uintx GCDrainStackTargetSize                   = 64                                        {product} {ergonomic}
   size_t InitialHeapSize                          = 260046848                                 {product} {ergonomic}
   size_t MarkStackSize                            = 4194304                                   {product} {ergonomic}
   size_t MaxHeapSize                              = 2147483648                                {product} {command line}
   size_t MaxNewSize                               = 1287651328                                {product} {ergonomic}
   size_t MinHeapDeltaBytes                        = 1048576                                   {product} {ergonomic}
   size_t MinHeapSize                              = 8388608                                   {product} {ergonomic}
    uintx NonNMethodCodeHeapSize                   = 5839372                                {pd product} {ergonomic}
    uintx NonProfiledCodeHeapSize                  = 122909434                              {pd product} {ergonomic}
    uintx ProfiledCodeHeapSize                     = 122909434                              {pd product} {ergonomic}
    uintx ReservedCodeCacheSize                    = 251658240                              {pd product} {ergonomic}
     bool SegmentedCodeCache                       = true                                      {product} {ergonomic}
   size_t SoftMaxHeapSize                          = 2147483648                             {manageable} {ergonomic}
     bool UseCompressedOops                        = true                           {product lp64_product} {ergonomic}
     bool UseG1GC                                  = true                                      {product} {ergonomic}
     bool UseLargePagesIndividualAllocation        = false                                  {pd product} {ergonomic}

Logging:
Log output configuration:
 #0: stdout all=warning uptime,level,tags foldmultilines=false
 #1: stderr all=off uptime,level,tags foldmultilines=false

Release file:
JAVA_VERSION="21.0.9" 
MODULES="java.base java.compiler java.datatransfer java.xml java.prefs java.desktop java.instrument java.logging java.management java.security.sasl java.naming java.rmi java.management.rmi java.net.http java.scripting java.security.jgss java.transaction.xa java.sql java.sql.rowset java.xml.crypto java.se java.smartcardio jdk.accessibility jdk.internal.jvmstat jdk.attach jdk.charsets jdk.internal.opt jdk.zipfs jdk.compiler jdk.crypto.ec jdk.crypto.cryptoki jdk.dynalink jdk.hotspot.agent jdk.httpserver jdk.internal.ed jdk.internal.le jdk.internal.vm.ci jdk.jartool jdk.javadoc jdk.jcmd jdk.jdeps jdk.jdwp.agent jdk.jdi jdk.jfr jdk.jlink jdk.jsobject jdk.localedata jdk.management jdk.management.agent jdk.management.jfr jdk.naming.dns jdk.naming.rmi jdk.net jdk.sctp jdk.security.auth jdk.security.jgss jdk.unsupported jdk.unsupported.desktop jdk.xml.dom" 
IMPLEMENTOR="JetBrains s.r.o." 
JAVA_RUNTIME_VERSION="21.0.9+-14649483-b1163.86" 
LIBC="default" 
OS_ARCH="x86_64" 
OS_NAME="Windows" 
SOURCE=".:git:554d0c326095" 

Environment Variables:
JAVA_HOME=C:\Program Files\Java\jdk-24
PATH=C:\Program Files (x86)\VMware\VMware Workstation\bin\;C:\Program Files\Java\jdk-24\bin;C:\Program Files\Common Files\Oracle\Java\javapath;C:\Program Files (x86)\Common Files\Oracle\Java\java8path;C:\Program Files (x86)\Common Files\Oracle\Java\javapath;C:\Windows\system32;C:\Windows;C:\Windows\System32\Wbem;C:\Windows\System32\WindowsPowerShell\v1.0\;C:\Windows\System32\OpenSSH\;C:\Program Files\NVIDIA Corporation\NVIDIA App\NvDLISR;C:\Program Files (x86)\NVIDIA Corporation\PhysX\Common;C:\Program Files\PowerShell\7\;C:\Program Files\Git\cmd;C:\Program Files\PuTTY\;C:\Program Files\dotnet\;C:\Windows\system32\config\systemprofile\AppData\Local\Muse Hub\lib;D:\c\bin;D:\perl\site\bin;D:\perl\bin;C:\Program Files\GitHub CLI\;C:\Users\incdm\AppData\Local\nvm;C:\nvm4w\nodejs;C:\Program Files\Amazon\AWSCLIV2\;;C:\Python313\Scripts\;C:\Python313\;C:\Program Files\PowerShell\7;C:\Program Files\Java\jdk-24\bin;C:\Program Files\Common Files\Oracle\Java\javapath;C:\WINDOWS\system32;C:\WINDOWS;C:\WINDOWS\System32\Wbem;C:\WINDOWS\System32\WindowsPowerShell\v1.0\;C:\WINDOWS\System32\OpenSSH\;C:\Program Files\NVIDIA Corporation\NVIDIA App\NvDLISR;C:\Program Files\Git\cmd;C:\Program Files (x86)\NVIDIA Corporation\PhysX\Common;C:\Program Files\PowerShell\7\;C:\Program Files\PowerShell\7;C:\Program Files\Java\jdk-24\bin;C:\Program Files\Common Files\Oracle\Java\javapath;C:\WINDOWS\system32;C:\WINDOWS;C:\WINDOWS\System32\Wbem;C:\WINDOWS\System32\WindowsPowerShell\v1.0\;C:\WINDOWS\System32\OpenSSH\;C:\Program Files\NVIDIA Corporation\NVIDIA App\NvDLISR;C:\Program Files\Git\cmd;C:\Program Files (x86)\NVIDIA Corporation\PhysX\Common;C:\Program Files\PowerShell\7\;C:\msys64\ucrt64\bin;C:\Users\incdm\AppData\Local\Programs\oh-my-posh\bin\;C:\Users\incdm\AppData\Local\Programs\Python\Python313\Scripts\;C:\Users\incdm\AppData\Local\Programs\Python\Python313\;C:\Users\incdm\AppData\Local\Microsoft\WindowsApps;C:\Users\incdm\AppData\Local\Programs\Microsoft VS Code\bin;C:\Tools\fzf;C:\Tools\fzf;C:\Program Files\JetBrains\IntelliJ IDEA Community Edition 2025.2.2\bin;C:\Users\incdm\AppData\Roaming\npm;C:\Users\incdm\AppData\Local\nvm;C:\nvm4w\nodejs;C:\Users\incdm\AppData\Local\Microsoft\WinGet\Packages\ar51an.iPerf3_Microsoft.Winget.Source_8wekyb3d8bbwe;C:\Users\incdm\AppData\Local\Muse Hub\lib;D:\Antigravity\bin;C:\Users\incdm\AppData\Local\PowerToys\DSCModules\
USERNAME=oktaavsm
OS=Windows_NT
PROCESSOR_IDENTIFIER=AMD64 Family 23 Model 24 Stepping 1, AuthenticAMD
TMP=C:\Users\incdm\AppData\Local\Temp
TEMP=C:\Users\incdm\AppData\Local\Temp




Periodic native trim disabled

JNI global refs:
JNI global refs: 31, weak refs: 43

JNI global refs memory usage: 835, weak refs: 833

Process memory usage:
Resident Set Size: 886672K (5% of 16188648K total physical memory with 1613964K free physical memory)

OOME stack traces (most recent first):
Classloader memory used:
Loader org.gradle.internal.classloader.VisitableURLClassLoader$InstrumentingVisitableURLClassLoader: 48180K
Loader org.gradle.internal.classloader.VisitableURLClassLoader                         : 47049K
Loader bootstrap                                                                       : 30117K
Loader org.gradle.initialization.MixInLegacyTypesClassLoader                           : 13051K
Loader jdk.internal.reflect.DelegatingClassLoader                                      : 604K
Loader jdk.internal.loader.ClassLoaders$AppClassLoader                                 : 233K
Loader org.gradle.internal.classloader.VisitableURLClassLoader                         : 167K
Loader jdk.internal.loader.ClassLoaders$PlatformClassLoader                            : 155K
Loader org.gradle.groovy.scripts.internal.DefaultScriptCompilationHandler$ScriptClassLoader: 129K
Loader sun.reflect.misc.MethodUtil                                                     : 2984B

Classes loaded by more than one classloader:
Class Program                                                                         : loaded 5 times (x 72B)
Class Build_gradle                                                                    : loaded 3 times (x 126B)
Class com.google.common.collect.RegularImmutableMap$KeySet                            : loaded 2 times (x 152B)
Class org.gradle.internal.classloader.FilteringClassLoader                            : loaded 2 times (x 105B)
Class [Lcom.google.common.collect.MapMakerInternalMap$Segment;                        : loaded 2 times (x 69B)
Class [Lcom.google.common.base.AbstractIterator$State;                                : loaded 2 times (x 69B)
Class com.google.common.base.CharMatcher$IsEither                                     : loaded 2 times (x 111B)
Class ijKotlinCoroutineJvmDebugInit1_ct5qqglyap81mwzfhi76pkl4x                        : loaded 2 times (x 171B)
Class org.gradle.internal.classloader.ClassLoaderHierarchy                            : loaded 2 times (x 70B)
Class com.google.common.collect.ImmutableEnumSet                                      : loaded 2 times (x 146B)
Class com.google.common.util.concurrent.ExecutionError                                : loaded 2 times (x 82B)
Class com.google.common.collect.ImmutableList$1                                       : loaded 2 times (x 97B)
Class org.gradle.api.internal.classpath.ManifestUtil                                  : loaded 2 times (x 71B)
Class com.google.common.collect.RegularImmutableMap                                   : loaded 2 times (x 121B)
Class com.google.common.collect.ImmutableMap$MapViewOfValuesAsSingletonSets           : loaded 2 times (x 126B)
Class com.google.common.reflect.TypeCapture                                           : loaded 2 times (x 71B)
Class [Lorg.objectweb.asm.Symbol;                                                     : loaded 2 times (x 69B)
Class org.objectweb.asm.ClassVisitor                                                  : loaded 2 times (x 88B)
Class com.google.common.collect.UnmodifiableListIterator                              : loaded 2 times (x 95B)
Class com.google.common.collect.MapMakerInternalMap$StrongKeyDummyValueEntry$LinkedStrongKeyDummyValueEntry: loaded 2 times (x 82B)
Class com.google.common.collect.MapMakerInternalMap$Strength                          : loaded 2 times (x 80B)
Class com.google.common.base.Platform$JdkPatternCompiler                              : loaded 2 times (x 75B)
Class org.objectweb.asm.MethodTooLargeException                                       : loaded 2 times (x 83B)
Class [Lcom.google.common.cache.CacheBuilder$OneWeigher;                              : loaded 2 times (x 69B)
Class com.google.common.base.Suppliers                                                : loaded 2 times (x 71B)
Class org.gradle.internal.classloader.DefaultClassLoaderFactory                       : loaded 2 times (x 82B)
Class [Lcom.google.common.collect.AbstractIterator$State;                             : loaded 2 times (x 69B)
Class com.google.common.base.CharMatcher$None                                         : loaded 2 times (x 112B)
Class org.apache.commons.io.file.PathUtils                                            : loaded 2 times (x 71B)
Class org.gradle.internal.classloader.ClassLoaderVisitor                              : loaded 2 times (x 76B)
Class [Lcom.google.common.collect.ImmutableMapEntry;                                  : loaded 2 times (x 69B)
Class org.gradle.api.internal.classpath.EffectiveClassPath                            : loaded 2 times (x 90B)
Class [Lorg.apache.commons.io.StandardLineSeparator;                                  : loaded 2 times (x 69B)
Class org.apache.commons.io.output.StringBuilderWriter                                : loaded 2 times (x 100B)
Class com.google.common.collect.ListMultimap                                          : loaded 2 times (x 70B)
Class com.google.common.collect.ImmutableEnumMap                                      : loaded 2 times (x 126B)
Class com.google.common.base.Splitter                                                 : loaded 2 times (x 72B)
Class com.google.common.collect.ImmutableSet$SerializedForm                           : loaded 2 times (x 73B)
Class com.google.common.collect.Sets$1                                                : loaded 2 times (x 139B)
Class org.objectweb.asm.AnnotationVisitor                                             : loaded 2 times (x 78B)
Class org.gradle.api.internal.DefaultClassPathProvider                                : loaded 2 times (x 76B)
Class com.google.common.collect.MapMakerInternalMap$Strength$1                        : loaded 2 times (x 80B)
Class com.google.common.collect.Sets$2                                                : loaded 2 times (x 139B)
Class [Lorg.gradle.api.internal.ClassPathProvider;                                    : loaded 2 times (x 69B)
Class org.gradle.api.internal.ClassPathProvider                                       : loaded 2 times (x 70B)
Class com.google.common.collect.MapMakerInternalMap$Strength$2                        : loaded 2 times (x 80B)
Class com.google.common.base.AbstractIterator$State                                   : loaded 2 times (x 79B)
Class com.google.common.reflect.Types$ClassOwnership$1                                : loaded 2 times (x 80B)
Class [Lorg.objectweb.asm.AnnotationVisitor;                                          : loaded 2 times (x 69B)
Class com.google.common.collect.Sets$3                                                : loaded 2 times (x 139B)
Class com.google.common.cache.LocalCache$LocalLoadingCache                            : loaded 2 times (x 134B)
Class org.gradle.internal.service.UnknownServiceException                             : loaded 2 times (x 83B)
Class com.google.common.collect.MapMakerInternalMap$StrongValueEntry                  : loaded 2 times (x 70B)
Class com.google.common.reflect.Types$ClassOwnership$2                                : loaded 2 times (x 80B)
Class com.google.common.reflect.TypeResolver                                          : loaded 2 times (x 72B)
Class com.google.common.collect.Sets$4                                                : loaded 2 times (x 139B)
Class org.objectweb.asm.ModuleVisitor                                                 : loaded 2 times (x 81B)
Class com.google.common.cache.LocalCache$Strength$1                                   : loaded 2 times (x 81B)
Class com.google.common.reflect.Types$ClassOwnership$3                                : loaded 2 times (x 71B)
Class org.apache.commons.io.output.QueueOutputStream                                  : loaded 2 times (x 87B)
Class com.google.common.util.concurrent.SettableFuture                                : loaded 2 times (x 114B)
Class com.google.common.cache.LocalCache$Strength$2                                   : loaded 2 times (x 81B)
Class com.google.common.collect.Interners$InternerImpl                                : loaded 2 times (x 75B)
Class com.google.common.base.Splitter$1                                               : loaded 2 times (x 77B)
Class com.google.common.collect.Interner                                              : loaded 2 times (x 70B)
Class com.google.common.cache.LocalCache$Strength$3                                   : loaded 2 times (x 81B)
Class com.google.common.collect.MapDifference                                         : loaded 2 times (x 70B)
Class com.google.common.collect.MapMaker$Dummy                                        : loaded 2 times (x 79B)
Class com.google.common.reflect.Invokable                                             : loaded 2 times (x 103B)
Class org.objectweb.asm.FieldWriter                                                   : loaded 2 times (x 78B)
Class com.google.common.cache.CacheBuilder$NullListener                               : loaded 2 times (x 82B)
Class ijJvmDebugger1_24j83k1d8ikf9llmkn509616l$_run_closure1                          : loaded 2 times (x 139B)
Class org.gradle.internal.classpath.TransformedClassPath                              : loaded 2 times (x 96B)
Class org.gradle.internal.classloader.InstrumentingClassLoader                        : loaded 2 times (x 70B)
Class com.google.common.reflect.Types$ParameterizedTypeImpl                           : loaded 2 times (x 81B)
Class org.apache.commons.io.output.UnsynchronizedByteArrayOutputStream                : loaded 2 times (x 102B)
Class com.google.common.cache.CacheLoader$FunctionToCacheLoader                       : loaded 2 times (x 75B)
Class com.google.common.collect.Iterators$ArrayItr                                    : loaded 2 times (x 97B)
Class com.google.common.base.Equivalence$Identity                                     : loaded 2 times (x 82B)
Class com.google.common.reflect.TypeResolver$TypeVariableKey                          : loaded 2 times (x 72B)
Class org.apache.commons.io.output.ByteArrayOutputStream                              : loaded 2 times (x 102B)
Class com.google.common.base.Joiner                                                   : loaded 2 times (x 79B)
Class com.google.common.base.MoreObjects                                              : loaded 2 times (x 71B)
Class com.google.common.collect.Platform                                              : loaded 2 times (x 71B)
Class [Lorg.objectweb.asm.Type;                                                       : loaded 2 times (x 69B)
Class com.google.common.collect.UnmodifiableIterator                                  : loaded 2 times (x 80B)
Class org.gradle.internal.service.ServiceLocator                                      : loaded 2 times (x 70B)
Class org.apache.commons.io.FileExistsException                                       : loaded 2 times (x 82B)
Class com.google.common.base.Ascii                                                    : loaded 2 times (x 71B)
Class com.google.common.cache.LocalCache$1                                            : loaded 2 times (x 89B)
Class com.google.common.collect.SingletonImmutableBiMap                               : loaded 2 times (x 143B)
Class com.google.common.collect.Iterators$SingletonIterator                           : loaded 2 times (x 81B)
Class com.google.common.collect.AbstractMapEntry                                      : loaded 2 times (x 81B)
Class com.google.common.collect.MapMakerInternalMap$AbstractStrongKeyEntry            : loaded 2 times (x 80B)
Class com.google.common.reflect.TypeToken$SimpleTypeToken                             : loaded 2 times (x 73B)
Class com.google.common.collect.Sets$ImprovedAbstractSet                              : loaded 2 times (x 135B)
Class com.google.common.collect.ImmutableList$Builder                                 : loaded 2 times (x 77B)
Class com.google.common.collect.AbstractMultimap                                      : loaded 2 times (x 123B)
Class com.google.common.cache.LocalCache$2                                            : loaded 2 times (x 142B)
Class com.google.common.collect.RegularImmutableAsList                                : loaded 2 times (x 217B)
Class com.google.common.base.Optional                                                 : loaded 2 times (x 80B)
Class com.google.common.util.concurrent.AbstractFuture$Trusted                        : loaded 2 times (x 70B)
Class com.google.common.collect.Iterators                                             : loaded 2 times (x 71B)
Class com.google.common.collect.Lists$StringAsImmutableList                           : loaded 2 times (x 207B)
Class com.google.common.util.concurrent.UncheckedExecutionException                   : loaded 2 times (x 82B)
Class org.gradle.kotlin.dsl.VersionCatalogAccessorsKt                                 : loaded 2 times (x 71B)
Class com.google.common.collect.AbstractMapBasedMultimap$KeySet$1                     : loaded 2 times (x 82B)
Class org.objectweb.asm.ClassWriter                                                   : loaded 2 times (x 106B)
Class com.google.common.base.CharMatcher$And                                          : loaded 2 times (x 112B)
Class com.google.common.cache.CacheLoader$UnsupportedLoadingOperationException        : loaded 2 times (x 82B)
Class org.gradle.internal.classloader.ClasspathUtil$1                                 : loaded 2 times (x 76B)
Class com.google.common.collect.FluentIterable$1                                      : loaded 2 times (x 81B)
Class com.google.common.base.Objects                                                  : loaded 2 times (x 71B)
Class org.objectweb.asm.FieldVisitor                                                  : loaded 2 times (x 77B)
Class com.google.common.collect.IndexedImmutableSet                                   : loaded 2 times (x 152B)
Class com.google.common.collect.ImmutableMap$1                                        : loaded 2 times (x 81B)
Class com.google.common.collect.BiMap                                                 : loaded 2 times (x 70B)
Class org.gradle.api.internal.classpath.DefaultModuleRegistry$DefaultModule           : loaded 2 times (x 86B)
Class com.google.common.base.Absent                                                   : loaded 2 times (x 80B)
Class com.google.common.collect.FluentIterable$2                                      : loaded 2 times (x 81B)
Class com.google.common.reflect.Reflection                                            : loaded 2 times (x 71B)
Class com.google.common.primitives.Ints                                               : loaded 2 times (x 71B)
Class com.google.common.collect.AbstractIterator                                      : loaded 2 times (x 82B)
Class com.google.common.collect.FluentIterable$3                                      : loaded 2 times (x 81B)
Class com.google.common.collect.ObjectArrays                                          : loaded 2 times (x 71B)
Class com.google.common.math.MathPreconditions                                        : loaded 2 times (x 71B)
Class com.google.common.collect.Multiset                                              : loaded 2 times (x 70B)
Class com.google.common.collect.ArrayListMultimapGwtSerializationDependencies         : loaded 2 times (x 172B)
Class com.google.common.collect.AbstractIndexedListIterator                           : loaded 2 times (x 96B)
Class org.apache.commons.io.output.NullOutputStream                                   : loaded 2 times (x 85B)
Class com.google.common.collect.ImmutableMapEntrySet                                  : loaded 2 times (x 152B)
Class org.gradle.api.internal.classpath.Module                                        : loaded 2 times (x 70B)
Class com.google.common.cache.Weigher                                                 : loaded 2 times (x 70B)
Class org.gradle.api.internal.classpath.UnknownModuleException                        : loaded 2 times (x 82B)
Class com.google.common.base.Stopwatch                                                : loaded 2 times (x 72B)
Class com.google.common.cache.LocalCache$Strength                                     : loaded 2 times (x 81B)
Class com.google.common.cache.Cache                                                   : loaded 2 times (x 70B)
Class com.google.common.base.NullnessCasts                                            : loaded 2 times (x 71B)
Class org.apache.commons.io.filefilter.IOFileFilter                                   : loaded 2 times (x 70B)
Class com.google.common.util.concurrent.AbstractFuture$Cancellation                   : loaded 2 times (x 72B)
Class com.google.common.collect.ImmutableMap$Builder                                  : loaded 2 times (x 82B)
Class com.google.common.base.Present                                                  : loaded 2 times (x 81B)
Class com.google.common.cache.RemovalListener                                         : loaded 2 times (x 70B)
Class org.gradle.api.internal.DefaultClassPathRegistry                                : loaded 2 times (x 76B)
Class org.apache.commons.io.file.DeleteOption                                         : loaded 2 times (x 70B)
Class com.google.common.reflect.Invokable$ConstructorInvokable                        : loaded 2 times (x 107B)
Class com.google.common.primitives.IntsMethodsForWeb                                  : loaded 2 times (x 71B)
Class com.google.common.collect.Multimap                                              : loaded 2 times (x 70B)
Class org.gradle.api.internal.ClassPathRegistry                                       : loaded 2 times (x 70B)
Class org.gradle.internal.classpath.DefaultClassPath$ImmutableUniqueList              : loaded 2 times (x 199B)
Class com.google.common.collect.NullnessCasts                                         : loaded 2 times (x 71B)
Class com.google.common.collect.MapMakerInternalMap$Segment                           : loaded 2 times (x 142B)
Class com.google.common.reflect.TypeToken                                             : loaded 2 times (x 73B)
Class com.google.common.base.ExtraObjectsMethodsForWeb                                : loaded 2 times (x 71B)
Class org.apache.commons.io.IOUtils                                                   : loaded 2 times (x 71B)
Class com.google.common.collect.ImmutableCollection$Builder                           : loaded 2 times (x 76B)
Class com.google.common.io.ByteSink                                                   : loaded 2 times (x 76B)
Class com.google.common.cache.CacheBuilder                                            : loaded 2 times (x 72B)
Class com.google.common.collect.SingletonImmutableList                                : loaded 2 times (x 207B)
Class Settings_gradle$1                                                               : loaded 2 times (x 74B)
Class org.gradle.internal.classpath.ClassPath                                         : loaded 2 times (x 70B)
Class com.google.common.collect.Interners$InternerBuilder                             : loaded 2 times (x 76B)
Class com.google.common.io.Files$FileByteSource                                       : loaded 2 times (x 85B)
Class [Lcom.google.common.reflect.Types$JavaVersion;                                  : loaded 2 times (x 69B)
Class com.google.common.base.JdkPattern                                               : loaded 2 times (x 75B)
Class com.google.common.collect.ImmutableList$ReverseImmutableList                    : loaded 2 times (x 209B)
Class org.objectweb.asm.SymbolTable$Entry                                             : loaded 2 times (x 74B)
Class org.objectweb.asm.Edge                                                          : loaded 2 times (x 72B)
Class com.google.common.base.Suppliers$SupplierOfInstance                             : loaded 2 times (x 79B)
Class com.google.common.collect.Iterators$1                                           : loaded 2 times (x 81B)
Class com.google.common.reflect.TypeToken$1                                           : loaded 2 times (x 110B)
Class com.google.common.cache.LocalCache$ComputingValueReference                      : loaded 2 times (x 96B)
Class com.google.common.collect.SingletonImmutableSet                                 : loaded 2 times (x 146B)
Class com.google.common.collect.ImmutableMap$IteratorBasedImmutableMap                : loaded 2 times (x 126B)
Class com.google.common.reflect.TypeToken$2                                           : loaded 2 times (x 110B)
Class com.google.common.cache.LocalCache$Segment                                      : loaded 2 times (x 154B)
Class com.google.common.collect.AbstractListMultimap                                  : loaded 2 times (x 172B)
Class [Lorg.objectweb.asm.SymbolTable$Entry;                                          : loaded 2 times (x 69B)
Class com.google.common.cache.CacheLoader                                             : loaded 2 times (x 74B)
Class com.google.common.collect.Iterators$4                                           : loaded 2 times (x 82B)
Class com.google.common.collect.ImmutableBiMap                                        : loaded 2 times (x 143B)
Class org.gradle.api.internal.classpath.ModuleRegistry                                : loaded 2 times (x 70B)
Class org.gradle.internal.installation.GradleInstallation$1                           : loaded 2 times (x 75B)
Class com.google.common.base.Splitter$SplittingIterator                               : loaded 2 times (x 84B)
Class org.apache.commons.io.output.NullWriter                                         : loaded 2 times (x 99B)
Class com.google.common.collect.ImmutableSet$JdkBackedSetBuilderImpl                  : loaded 2 times (x 76B)
Class com.google.common.util.concurrent.internal.InternalFutureFailureAccess          : loaded 2 times (x 72B)
Class com.google.common.collect.Iterators$5                                           : loaded 2 times (x 82B)
Class com.google.common.base.CharMatcher$ForPredicate                                 : loaded 2 times (x 112B)
Class com.google.common.cache.LocalCache$LocalManualCache$1                           : loaded 2 times (x 75B)
Class com.google.common.base.CharMatcher$AnyOf                                        : loaded 2 times (x 112B)
Class com.google.common.collect.ImmutableCollection                                   : loaded 2 times (x 125B)
Class org.gradle.api.internal.classpath.DefaultModuleRegistry                         : loaded 2 times (x 86B)
Class com.google.common.collect.Lists                                                 : loaded 2 times (x 71B)
Class com.google.common.util.concurrent.ListenableFuture                              : loaded 2 times (x 70B)
Class com.google.common.cache.ReferenceEntry                                          : loaded 2 times (x 70B)
Class com.google.common.base.Converter                                                : loaded 2 times (x 90B)
Class com.google.common.collect.ImmutableSet$CachingAsList                            : loaded 2 times (x 148B)
Class com.google.common.collect.AbstractMapBasedMultimap                              : loaded 2 times (x 139B)
Class com.google.common.util.concurrent.AbstractFuture                                : loaded 2 times (x 106B)
Class com.google.common.base.FunctionalEquivalence                                    : loaded 2 times (x 83B)
Class com.google.common.collect.Iterators$9                                           : loaded 2 times (x 81B)
Class com.google.common.collect.ImmutableAsList                                       : loaded 2 times (x 209B)
Class com.google.common.reflect.TypeResolver$TypeTable                                : loaded 2 times (x 73B)
Class org.objectweb.asm.RecordComponentVisitor                                        : loaded 2 times (x 77B)
Class com.google.common.cache.CacheLoader$SupplierToCacheLoader                       : loaded 2 times (x 75B)
Class ijKotlinCoroutineJvmDebugInit1_ct5qqglyap81mwzfhi76pkl4x$_run_closure1$_closure2: loaded 2 times (x 139B)
Class com.google.common.reflect.TypeResolver$TypeTable$1                              : loaded 2 times (x 73B)
Class com.google.common.collect.Maps$EntryTransformer                                 : loaded 2 times (x 70B)
Class org.gradle.internal.service.ServiceLookupException                              : loaded 2 times (x 82B)
Class [Lcom.google.common.cache.LocalCache$EntryFactory;                              : loaded 2 times (x 69B)
Class org.gradle.internal.classloader.ClassLoaderFactory                              : loaded 2 times (x 70B)
Class org.apache.commons.io.CloseableURLConnection                                    : loaded 2 times (x 116B)
Class com.google.common.base.CommonPattern                                            : loaded 2 times (x 74B)
Class com.google.common.base.CharMatcher$IsNot                                        : loaded 2 times (x 111B)
Class com.google.common.cache.LocalCache$LocalManualCache                             : loaded 2 times (x 99B)
Class org.gradle.internal.service.CachingServiceLocator                               : loaded 2 times (x 82B)
Class com.google.common.collect.AbstractMapBasedMultimap$KeySet                       : loaded 2 times (x 137B)
Class com.google.common.math.IntMath                                                  : loaded 2 times (x 71B)
Class com.google.common.collect.MapMakerInternalMap$InternalEntry                     : loaded 2 times (x 70B)
Class com.google.common.reflect.Types$TypeVariableInvocationHandler                   : loaded 2 times (x 75B)
Class com.google.common.collect.ImmutableMapEntry                                     : loaded 2 times (x 85B)
Class com.google.common.base.Equivalence                                              : loaded 2 times (x 82B)
Class com.google.common.base.Function                                                 : loaded 2 times (x 70B)
Class com.google.common.collect.ImmutableMapEntry$NonTerminalImmutableMapEntry        : loaded 2 times (x 85B)
Class com.google.common.collect.IndexedImmutableSet$1                                 : loaded 2 times (x 213B)
Class org.apache.commons.io.output.AbstractByteArrayOutputStream                      : loaded 2 times (x 102B)
Class com.google.common.cache.CacheBuilder$OneWeigher                                 : loaded 2 times (x 82B)
Class com.google.common.collect.RegularImmutableList                                  : loaded 2 times (x 213B)
Class com.google.common.reflect.Types$ClassOwnership$1LocalClass                      : loaded 2 times (x 71B)
Class org.gradle.internal.classloader.ClasspathUtil                                   : loaded 2 times (x 71B)
Class com.google.common.util.concurrent.Uninterruptibles                              : loaded 2 times (x 71B)
Class com.google.common.util.concurrent.LazyLogger                                    : loaded 2 times (x 72B)
Class com.google.common.collect.Maps                                                  : loaded 2 times (x 71B)
Class org.gradle.api.specs.Spec                                                       : loaded 2 times (x 70B)
Class com.google.common.collect.MapMaker                                              : loaded 2 times (x 72B)
Class org.apache.commons.io.file.PathFilter                                           : loaded 2 times (x 70B)
Class com.google.common.reflect.Types$JavaVersion                                     : loaded 2 times (x 83B)
Class [Lcom.google.common.collect.ImmutableEntry;                                     : loaded 2 times (x 69B)
Class com.google.common.cache.LocalCache$LoadingValueReference                        : loaded 2 times (x 96B)
Class com.google.common.collect.MapMakerInternalMap$StrongKeyDummyValueEntry          : loaded 2 times (x 82B)
Class com.google.common.reflect.Invokable$MethodInvokable                             : loaded 2 times (x 107B)
Class com.google.common.base.Platform                                                 : loaded 2 times (x 71B)
Class [Lorg.objectweb.asm.AnnotationWriter;                                           : loaded 2 times (x 69B)
Class com.google.common.collect.Maps$8                                                : loaded 2 times (x 82B)
Class com.google.common.collect.Sets$SetView                                          : loaded 2 times (x 138B)
Class com.google.common.cache.LocalCache$StrongValueReference                         : loaded 2 times (x 90B)
Class com.google.common.graph.SuccessorsFunction                                      : loaded 2 times (x 70B)
Class org.objectweb.asm.Type                                                          : loaded 2 times (x 72B)
Class org.gradle.internal.classloader.VisitableURLClassLoader$InstrumentingVisitableURLClassLoader: loaded 2 times (x 123B)
Class com.google.common.collect.MapMakerInternalMap$StrongKeyDummyValueEntry$Helper   : loaded 2 times (x 79B)
Class org.apache.commons.io.FileUtils                                                 : loaded 2 times (x 71B)
Class com.google.common.io.Files$FileByteSink                                         : loaded 2 times (x 77B)
Class com.google.common.math.IntMath$1                                                : loaded 2 times (x 71B)
Class org.objectweb.asm.ByteVector                                                    : loaded 2 times (x 79B)
Class [Lcom.google.common.cache.CacheBuilder$NullListener;                            : loaded 2 times (x 69B)
Class org.gradle.internal.classloader.VisitableURLClassLoader$Spec                    : loaded 2 times (x 74B)
Class org.gradle.internal.classpath.DefaultClassPath                                  : loaded 2 times (x 90B)
Class com.google.common.base.AbstractIterator                                         : loaded 2 times (x 80B)
Class com.google.common.reflect.Types$ClassOwnership                                  : loaded 2 times (x 80B)
Class org.objectweb.asm.Symbol                                                        : loaded 2 times (x 73B)
Class com.google.common.io.Closer                                                     : loaded 2 times (x 78B)
Class com.google.common.base.CharMatcher$BitSetMatcher                                : loaded 2 times (x 112B)
Class com.google.common.collect.RegularImmutableMap$Values                            : loaded 2 times (x 207B)
Class com.google.common.collect.ImmutableSet                                          : loaded 2 times (x 145B)
Class org.gradle.internal.classloader.ClassLoaderSpec                                 : loaded 2 times (x 71B)
Class org.objectweb.asm.AnnotationWriter                                              : loaded 2 times (x 79B)
Class com.google.common.cache.CacheStats                                              : loaded 2 times (x 71B)
Class com.google.common.collect.Interners                                             : loaded 2 times (x 71B)
Class com.google.common.io.LineProcessor                                              : loaded 2 times (x 70B)
Class com.google.common.io.Closer$Suppressor                                          : loaded 2 times (x 70B)
Class org.objectweb.asm.RecordComponentWriter                                         : loaded 2 times (x 78B)
Class com.google.common.util.concurrent.AbstractFuture$Listener                       : loaded 2 times (x 72B)
Class com.google.common.base.CharMatcher$Or                                           : loaded 2 times (x 112B)
Class Settings_gradle$1$1                                                             : loaded 2 times (x 74B)
Class org.objectweb.asm.Attribute                                                     : loaded 2 times (x 77B)
Class com.google.common.base.Supplier                                                 : loaded 2 times (x 70B)
Class org.gradle.internal.classloader.VisitableURLClassLoader                         : loaded 2 times (x 117B)
Class com.google.common.collect.ImmutableList$SerializedForm                          : loaded 2 times (x 73B)
Class Settings_gradle                                                                 : loaded 2 times (x 124B)
Class org.gradle.internal.Cast                                                        : loaded 2 times (x 71B)
Class org.gradle.api.Action                                                           : loaded 2 times (x 70B)
Class com.google.common.collect.MapMakerInternalMap                                   : loaded 2 times (x 161B)
Class com.google.common.base.Strings                                                  : loaded 2 times (x 71B)
Class com.google.common.collect.Sets                                                  : loaded 2 times (x 71B)
Class org.objectweb.asm.Handler                                                       : loaded 2 times (x 72B)
Class com.google.common.base.CharMatcher$FastMatcher                                  : loaded 2 times (x 111B)
Class com.google.common.base.Ticker                                                   : loaded 2 times (x 72B)
Class [Lcom.google.common.cache.LocalCache$Segment;                                   : loaded 2 times (x 69B)
Class com.google.common.base.Predicate                                                : loaded 2 times (x 70B)
Class [Lcom.google.common.cache.LocalCache$Strength;                                  : loaded 2 times (x 69B)
Class com.google.common.cache.CacheBuilder$1                                          : loaded 2 times (x 85B)
Class com.google.common.collect.ImmutableMap                                          : loaded 2 times (x 120B)
Class org.gradle.internal.classpath.DefaultClassPath$ImmutableUniqueList$Builder      : loaded 2 times (x 75B)
Class com.google.common.collect.MapMakerInternalMap$WeakValueReference                : loaded 2 times (x 70B)
Class com.google.common.base.CharMatcher$NegatedFastMatcher                           : loaded 2 times (x 113B)
Class com.google.common.cache.LocalCache                                              : loaded 2 times (x 187B)
Class com.google.common.cache.CacheBuilder$2                                          : loaded 2 times (x 79B)
Class com.google.common.collect.ArrayListMultimap                                     : loaded 2 times (x 172B)
Class com.google.common.cache.CacheBuilder$3                                          : loaded 2 times (x 72B)
Class [Lcom.google.common.collect.AbstractMapEntry;                                   : loaded 2 times (x 69B)
Class com.google.common.collect.ImmutableEntry                                        : loaded 2 times (x 82B)
Class org.gradle.api.GradleException                                                  : loaded 2 times (x 82B)
Class org.apache.commons.io.StandardLineSeparator                                     : loaded 2 times (x 79B)
Class com.google.common.collect.CollectPreconditions                                  : loaded 2 times (x 71B)
Class [Lcom.google.common.collect.MapMakerInternalMap$Strength;                       : loaded 2 times (x 69B)
Class com.google.common.collect.SortedMapDifference                                   : loaded 2 times (x 70B)
Class com.google.common.collect.MapMakerInternalMap$StrongKeyDummyValueSegment        : loaded 2 times (x 142B)
Class com.google.common.collect.Iterables$4                                           : loaded 2 times (x 81B)
Class com.google.common.io.Files                                                      : loaded 2 times (x 71B)
Class com.google.common.cache.LocalCache$EntryFactory                                 : loaded 2 times (x 83B)
Class ijJvmDebugger1_24j83k1d8ikf9llmkn509616l                                        : loaded 2 times (x 171B)
Class [Lcom.google.common.collect.MapMaker$Dummy;                                     : loaded 2 times (x 69B)
Class com.google.common.base.CharMatcher$Whitespace                                   : loaded 2 times (x 112B)
Class com.google.common.reflect.Types$NativeTypeVariableEquals                        : loaded 2 times (x 71B)
Class com.google.common.reflect.TypeParameter                                         : loaded 2 times (x 72B)
Class com.google.common.cache.LocalCache$AbstractReferenceEntry                       : loaded 2 times (x 107B)
Class org.gradle.internal.IoActions                                                   : loaded 2 times (x 71B)
Class com.google.common.collect.ImmutableMapKeySet                                    : loaded 2 times (x 152B)
Class org.objectweb.asm.SymbolTable                                                   : loaded 2 times (x 72B)
Class com.google.common.cache.CacheLoader$InvalidCacheLoadException                   : loaded 2 times (x 82B)
Class com.google.common.collect.ImmutableSet$RegularSetBuilderImpl                    : loaded 2 times (x 77B)
Class org.gradle.internal.classloader.SystemClassLoaderSpec                           : loaded 2 times (x 71B)
Class com.google.common.collect.FluentIterable                                        : loaded 2 times (x 81B)
Class com.google.common.cache.LocalCache$StrongEntry                                  : loaded 2 times (x 108B)
Class com.google.common.util.concurrent.AbstractFuture$TrustedFuture                  : loaded 2 times (x 114B)
Class com.google.common.cache.LoadingCache                                            : loaded 2 times (x 70B)
Class org.objectweb.asm.MethodWriter                                                  : loaded 2 times (x 106B)
Class [Lcom.google.common.cache.Weigher;                                              : loaded 2 times (x 69B)
Class com.google.common.collect.RegularImmutableMap$BucketOverflowException           : loaded 2 times (x 82B)
Class com.google.common.collect.AbstractIterator$State                                : loaded 2 times (x 79B)
Class com.google.common.reflect.Types$JavaVersion$1                                   : loaded 2 times (x 83B)
Class com.google.common.base.CharMatcher$Negated                                      : loaded 2 times (x 113B)
Class com.google.common.base.CharMatcher$Is                                           : loaded 2 times (x 111B)
Class com.google.common.cache.LocalCache$ValueReference                               : loaded 2 times (x 70B)
Class com.google.common.collect.RegularImmutableBiMap                                 : loaded 2 times (x 149B)
Class com.google.common.reflect.Types$JavaVersion$2                                   : loaded 2 times (x 83B)
Class com.google.common.reflect.Types                                                 : loaded 2 times (x 71B)
Class com.google.common.base.PatternCompiler                                          : loaded 2 times (x 70B)
Class com.google.common.util.concurrent.AbstractFuture$Failure                        : loaded 2 times (x 72B)
Class com.google.common.base.Equivalence$Equals                                       : loaded 2 times (x 82B)
Class com.google.common.collect.Hashing                                               : loaded 2 times (x 71B)
Class com.google.common.base.Preconditions                                            : loaded 2 times (x 71B)
Class [Lorg.apache.commons.io.file.DeleteOption;                                      : loaded 2 times (x 69B)
Class com.google.common.reflect.Types$JavaVersion$3                                   : loaded 2 times (x 83B)
Class com.google.common.base.Joiner$1                                                 : loaded 2 times (x 80B)
Class org.objectweb.asm.Label                                                         : loaded 2 times (x 73B)
Class org.objectweb.asm.CurrentFrame                                                  : loaded 2 times (x 73B)
Class org.objectweb.asm.ClassTooLargeException                                        : loaded 2 times (x 83B)
Class com.google.common.base.CharMatcher                                              : loaded 2 times (x 111B)
Class com.google.common.collect.PeekingIterator                                       : loaded 2 times (x 70B)
Class com.google.common.collect.Table                                                 : loaded 2 times (x 70B)
Class com.google.common.collect.MapMakerInternalMap$InternalEntryHelper               : loaded 2 times (x 70B)
Class com.google.common.reflect.Types$JavaVersion$4                                   : loaded 2 times (x 83B)
Class com.google.common.collect.Maps$IteratorBasedAbstractMap                         : loaded 2 times (x 125B)
Class com.google.common.base.Joiner$2                                                 : loaded 2 times (x 79B)
Class org.objectweb.asm.Frame                                                         : loaded 2 times (x 73B)
Class org.objectweb.asm.MethodVisitor                                                 : loaded 2 times (x 105B)
Class com.google.common.base.CharMatcher$1                                            : loaded 2 times (x 113B)
Class com.google.common.base.CharMatcher$NamedFastMatcher                             : loaded 2 times (x 112B)
Class com.google.common.cache.LocalCache$EntryFactory$1                               : loaded 2 times (x 83B)
Class [Lcom.google.common.cache.RemovalListener;                                      : loaded 2 times (x 69B)
Class com.google.common.reflect.Types$JavaVersion$5                                   : loaded 2 times (x 71B)
Class [Lcom.google.common.reflect.Types$ClassOwnership;                               : loaded 2 times (x 69B)
Class com.google.common.cache.LocalCache$EntryFactory$2                               : loaded 2 times (x 83B)
Class org.gradle.api.internal.classpath.GlobalCacheRootsProvider                      : loaded 2 times (x 70B)
Class org.objectweb.asm.ModuleWriter                                                  : loaded 2 times (x 82B)
Class com.google.common.cache.LocalCache$EntryFactory$3                               : loaded 2 times (x 83B)
Class com.google.common.base.Ticker$1                                                 : loaded 2 times (x 72B)
Class com.google.common.collect.Maps$BiMapConverter                                   : loaded 2 times (x 90B)
Class com.google.common.collect.ImmutableMapEntrySet$RegularEntrySet                  : loaded 2 times (x 152B)
Class ijJvmDebugger1_24j83k1d8ikf9llmkn509616l$_run_closure1$_closure2                : loaded 2 times (x 140B)
Class com.google.common.collect.ImmutableSet$Builder                                  : loaded 2 times (x 85B)
Class com.google.common.base.CharMatcher$InRange                                      : loaded 2 times (x 111B)
Class com.google.common.cache.LocalCache$EntryFactory$4                               : loaded 2 times (x 83B)
Class com.google.common.cache.LocalCache$EntryFactory$5                               : loaded 2 times (x 83B)
Class com.google.common.base.PairwiseEquivalence                                      : loaded 2 times (x 83B)
Class org.apache.commons.io.output.AppendableWriter                                   : loaded 2 times (x 100B)
Class com.google.common.cache.LocalCache$EntryFactory$6                               : loaded 2 times (x 83B)
Class org.gradle.internal.installation.CurrentGradleInstallationLocator               : loaded 2 times (x 71B)
Class org.apache.commons.io.output.ThresholdingOutputStream                           : loaded 2 times (x 95B)
Class com.google.common.collect.Maps$KeySet                                           : loaded 2 times (x 137B)
Class com.google.common.collect.ImmutableSet$EmptySetBuilderImpl                      : loaded 2 times (x 76B)
Class com.google.common.cache.LocalCache$EntryFactory$7                               : loaded 2 times (x 83B)
Class com.google.common.collect.ImmutableList                                         : loaded 2 times (x 206B)
Class org.gradle.internal.service.DefaultServiceLocator                               : loaded 2 times (x 83B)
Class com.google.common.cache.LocalCache$EntryFactory$8                               : loaded 2 times (x 83B)
Class com.google.common.collect.ImmutableSet$SetBuilderImpl                           : loaded 2 times (x 76B)
Class org.gradle.internal.installation.CurrentGradleInstallation                      : loaded 2 times (x 73B)
Class com.google.common.cache.CacheLoader$1                                           : loaded 2 times (x 75B)
Class com.google.common.collect.ForwardingObject                                      : loaded 2 times (x 72B)
Class com.google.common.collect.ImmutableList$SubList                                 : loaded 2 times (x 209B)
Class org.gradle.util.internal.GUtil                                                  : loaded 2 times (x 71B)
Class com.google.common.io.ByteSource                                                 : loaded 2 times (x 84B)
Class com.google.common.cache.AbstractCache$StatsCounter                              : loaded 2 times (x 70B)
Class com.google.common.collect.MapMakerInternalMap$1                                 : loaded 2 times (x 83B)
Class com.google.common.reflect.Types$TypeVariableImpl                                : loaded 2 times (x 72B)
Class com.google.common.collect.Iterators$MergingIterator                             : loaded 2 times (x 81B)
Class com.google.common.collect.RegularImmutableSet                                   : loaded 2 times (x 149B)
Class org.gradle.internal.installation.GradleInstallation                             : loaded 2 times (x 75B)
Class com.google.common.base.Splitter$Strategy                                        : loaded 2 times (x 70B)
Class com.google.common.collect.Iterables                                             : loaded 2 times (x 71B)
Class ijKotlinCoroutineJvmDebugInit1_ct5qqglyap81mwzfhi76pkl4x$_run_closure1          : loaded 2 times (x 139B)

---------------  S Y S T E M  ---------------

OS:
 Windows 11 , 64 bit Build 26100 (10.0.26100.7920)
OS uptime: 0 days 16:57 hours

CPU: total 8 (initial active 8) (8 cores per cpu, 2 threads per core) family 23 model 24 stepping 1 microcode 0x8108102, cx8, cmov, fxsr, ht, mmx, 3dnowpref, sse, sse2, sse3, ssse3, sse4a, sse4.1, sse4.2, popcnt, lzcnt, tsc, tscinvbit, avx, avx2, aes, clmul, bmi1, bmi2, adx, sha, fma, vzeroupper, clflush, clflushopt, rdtscp, f16c
Processor Information for the first 8 processors :
  Max Mhz: 2100, Current Mhz: 2100, Mhz Limit: 2100

Memory: 4k page, system-wide physical 15809M (1570M free)
TotalPageFile size 24001M (AvailPageFile size 4M)
current process WorkingSet (physical memory assigned to process): 866M, peak: 868M
current process commit charge ("private bytes"): 910M, peak: 913M

vm_info: OpenJDK 64-Bit Server VM (21.0.9+-14649483-b1163.86) for windows-amd64 JRE (21.0.9+-14649483-b1163.86), built on 2025-12-30T22:08:35Z by "builder" with MS VC++ 16.10 / 16.11 (VS2019)

END.
